message_id	response_id	article_id	llm_empathy
R_1hGrPtWM4SumG0U_1	R_1hGrPtWM4SumG0U	67	6.5
R_1hGrPtWM4SumG0U_2	R_1hGrPtWM4SumG0U	86	4.2
R_1hGrPtWM4SumG0U_3	R_1hGrPtWM4SumG0U	206	6.5
R_1hGrPtWM4SumG0U_4	R_1hGrPtWM4SumG0U	290	3.2
R_1hGrPtWM4SumG0U_5	R_1hGrPtWM4SumG0U	342	6.2
R_1jl9vLqdDRf4Epg_1	R_1jl9vLqdDRf4Epg	2	1.2
R_1jl9vLqdDRf4Epg_2	R_1jl9vLqdDRf4Epg	117	1.5
R_1jl9vLqdDRf4Epg_3	R_1jl9vLqdDRf4Epg	189	3.2
R_1jl9vLqdDRf4Epg_4	R_1jl9vLqdDRf4Epg	330	4.2
R_1jl9vLqdDRf4Epg_5	R_1jl9vLqdDRf4Epg	368	7
R_0wUJf4IdNJLqmjL_1	R_0wUJf4IdNJLqmjL	34	6.5
R_0wUJf4IdNJLqmjL_2	R_0wUJf4IdNJLqmjL	99	4.5
R_0wUJf4IdNJLqmjL_3	R_0wUJf4IdNJLqmjL	170	6.2
R_0wUJf4IdNJLqmjL_4	R_0wUJf4IdNJLqmjL	322	1.2
R_0wUJf4IdNJLqmjL_5	R_0wUJf4IdNJLqmjL	370	6.5
R_5sVTXudr799nqgx_1	R_5sVTXudr799nqgx	53	6.2
R_5sVTXudr799nqgx_2	R_5sVTXudr799nqgx	120	4.2
R_5sVTXudr799nqgx_3	R_5sVTXudr799nqgx	185	3.2
R_5sVTXudr799nqgx_4	R_5sVTXudr799nqgx	273	6.5
R_5sVTXudr799nqgx_5	R_5sVTXudr799nqgx	391	4.2
R_Y5LJykO4DHiE3p7_1	R_Y5LJykO4DHiE3p7	38	4.2
R_Y5LJykO4DHiE3p7_2	R_Y5LJykO4DHiE3p7	152	6.2
R_Y5LJykO4DHiE3p7_3	R_Y5LJykO4DHiE3p7	242	4.2
R_Y5LJykO4DHiE3p7_4	R_Y5LJykO4DHiE3p7	320	3.5
R_Y5LJykO4DHiE3p7_5	R_Y5LJykO4DHiE3p7	409	6.5
R_3irH7rjXqStHGZW_1	R_3irH7rjXqStHGZW	25	3.2
R_3irH7rjXqStHGZW_2	R_3irH7rjXqStHGZW	127	6.5
R_3irH7rjXqStHGZW_3	R_3irH7rjXqStHGZW	181	6.5
R_3irH7rjXqStHGZW_4	R_3irH7rjXqStHGZW	295	6.5
R_3irH7rjXqStHGZW_5	R_3irH7rjXqStHGZW	415	3.2
R_2Y3T8M1nbUNrgGx_1	R_2Y3T8M1nbUNrgGx	72	6.2
R_2Y3T8M1nbUNrgGx_2	R_2Y3T8M1nbUNrgGx	101	6.5
R_2Y3T8M1nbUNrgGx_3	R_2Y3T8M1nbUNrgGx	186	6.5
R_2Y3T8M1nbUNrgGx_4	R_2Y3T8M1nbUNrgGx	298	6.5
R_2Y3T8M1nbUNrgGx_5	R_2Y3T8M1nbUNrgGx	338	1.2
R_2xy5n7vmxTj4FY6_1	R_2xy5n7vmxTj4FY6	77	6.5
R_2xy5n7vmxTj4FY6_2	R_2xy5n7vmxTj4FY6	151	4.5
R_2xy5n7vmxTj4FY6_3	R_2xy5n7vmxTj4FY6	174	6.5
R_2xy5n7vmxTj4FY6_4	R_2xy5n7vmxTj4FY6	327	3.2
R_2xy5n7vmxTj4FY6_5	R_2xy5n7vmxTj4FY6	337	6.5
R_2WOvnpyfACBvT3K_1	R_2WOvnpyfACBvT3K	61	6.2
R_2WOvnpyfACBvT3K_2	R_2WOvnpyfACBvT3K	104	6.5
R_2WOvnpyfACBvT3K_3	R_2WOvnpyfACBvT3K	245	6.5
R_2WOvnpyfACBvT3K_4	R_2WOvnpyfACBvT3K	269	4.2
R_2WOvnpyfACBvT3K_5	R_2WOvnpyfACBvT3K	362	6.2
R_QhPhN7wI0VGZAGd_1	R_QhPhN7wI0VGZAGd	33	4.2
R_QhPhN7wI0VGZAGd_2	R_QhPhN7wI0VGZAGd	143	6.2
R_QhPhN7wI0VGZAGd_3	R_QhPhN7wI0VGZAGd	193	4.2
R_QhPhN7wI0VGZAGd_4	R_QhPhN7wI0VGZAGd	300	4.2
R_QhPhN7wI0VGZAGd_5	R_QhPhN7wI0VGZAGd	408	1.2
R_3Gm64BvSHkOeisK_1	R_3Gm64BvSHkOeisK	54	3.2
R_3Gm64BvSHkOeisK_2	R_3Gm64BvSHkOeisK	106	1.2
R_3Gm64BvSHkOeisK_3	R_3Gm64BvSHkOeisK	190	3.2
R_3Gm64BvSHkOeisK_4	R_3Gm64BvSHkOeisK	333	2.2
R_3Gm64BvSHkOeisK_5	R_3Gm64BvSHkOeisK	378	3.2
R_3nHIf1uTyHztQY7_1	R_3nHIf1uTyHztQY7	39	6.2
R_3nHIf1uTyHztQY7_2	R_3nHIf1uTyHztQY7	147	4.2
R_3nHIf1uTyHztQY7_3	R_3nHIf1uTyHztQY7	180	3.2
R_3nHIf1uTyHztQY7_4	R_3nHIf1uTyHztQY7	258	3.2
R_3nHIf1uTyHztQY7_5	R_3nHIf1uTyHztQY7	396	1.2
R_TpgBfMSeqQUvqH7_1	R_TpgBfMSeqQUvqH7	50	1.2
R_TpgBfMSeqQUvqH7_2	R_TpgBfMSeqQUvqH7	124	1
R_TpgBfMSeqQUvqH7_3	R_TpgBfMSeqQUvqH7	252	3.2
R_TpgBfMSeqQUvqH7_4	R_TpgBfMSeqQUvqH7	293	3.2
R_TpgBfMSeqQUvqH7_5	R_TpgBfMSeqQUvqH7	380	3.2
R_1n8frNuDYCk5bfB_1	R_1n8frNuDYCk5bfB	44	6.5
R_1n8frNuDYCk5bfB_2	R_1n8frNuDYCk5bfB	116	6.5
R_1n8frNuDYCk5bfB_3	R_1n8frNuDYCk5bfB	228	6.5
R_1n8frNuDYCk5bfB_4	R_1n8frNuDYCk5bfB	313	6.5
R_1n8frNuDYCk5bfB_5	R_1n8frNuDYCk5bfB	404	3.2
R_1g5YEkTMm158K6n_1	R_1g5YEkTMm158K6n	60	6.2
R_1g5YEkTMm158K6n_2	R_1g5YEkTMm158K6n	162	4.2
R_1g5YEkTMm158K6n_3	R_1g5YEkTMm158K6n	172	3.2
R_1g5YEkTMm158K6n_4	R_1g5YEkTMm158K6n	276	3.2
R_1g5YEkTMm158K6n_5	R_1g5YEkTMm158K6n	407	6.2
R_pE6yE7SVdOZiObL_1	R_pE6yE7SVdOZiObL	63	
R_pE6yE7SVdOZiObL_2	R_pE6yE7SVdOZiObL	140	4.2
R_pE6yE7SVdOZiObL_3	R_pE6yE7SVdOZiObL	198	3.2
R_pE6yE7SVdOZiObL_4	R_pE6yE7SVdOZiObL	259	4.2
R_pE6yE7SVdOZiObL_5	R_pE6yE7SVdOZiObL	379	4.2
R_2rSDCgMnHjVtsRu_1	R_2rSDCgMnHjVtsRu	27	6.5
R_2rSDCgMnHjVtsRu_2	R_2rSDCgMnHjVtsRu	160	6.5
R_2rSDCgMnHjVtsRu_3	R_2rSDCgMnHjVtsRu	234	3.2
R_2rSDCgMnHjVtsRu_4	R_2rSDCgMnHjVtsRu	328	6.5
R_2rSDCgMnHjVtsRu_5	R_2rSDCgMnHjVtsRu	405	6.5
R_3HCyoHAfkcMaxAW_1	R_3HCyoHAfkcMaxAW	56	6.2
R_3HCyoHAfkcMaxAW_2	R_3HCyoHAfkcMaxAW	121	6.5
R_3HCyoHAfkcMaxAW_3	R_3HCyoHAfkcMaxAW	233	6.5
R_3HCyoHAfkcMaxAW_4	R_3HCyoHAfkcMaxAW	311	4.2
R_3HCyoHAfkcMaxAW_5	R_3HCyoHAfkcMaxAW	397	6.5
R_Qm4qlRrGoqoT5Ad_1	R_Qm4qlRrGoqoT5Ad	49	6.5
R_Qm4qlRrGoqoT5Ad_2	R_Qm4qlRrGoqoT5Ad	133	6.2
R_Qm4qlRrGoqoT5Ad_3	R_Qm4qlRrGoqoT5Ad	175	6.5
R_Qm4qlRrGoqoT5Ad_4	R_Qm4qlRrGoqoT5Ad	265	6.2
R_Qm4qlRrGoqoT5Ad_5	R_Qm4qlRrGoqoT5Ad	412	3.2
R_1E52pkDzk4NF6WW_1	R_1E52pkDzk4NF6WW	80	6.5
R_1E52pkDzk4NF6WW_2	R_1E52pkDzk4NF6WW	154	6.5
R_1E52pkDzk4NF6WW_3	R_1E52pkDzk4NF6WW	216	1.2
R_1E52pkDzk4NF6WW_4	R_1E52pkDzk4NF6WW	283	6.5
R_1E52pkDzk4NF6WW_5	R_1E52pkDzk4NF6WW	371	6.2
R_1KxO6Ao7Nq2txfD_1	R_1KxO6Ao7Nq2txfD	12	6.2
R_1KxO6Ao7Nq2txfD_2	R_1KxO6Ao7Nq2txfD	111	6.5
R_1KxO6Ao7Nq2txfD_3	R_1KxO6Ao7Nq2txfD	251	1.2
R_1KxO6Ao7Nq2txfD_4	R_1KxO6Ao7Nq2txfD	257	6.5
R_1KxO6Ao7Nq2txfD_5	R_1KxO6Ao7Nq2txfD	367	6.5
R_2cp9tFelooSvFO2_1	R_2cp9tFelooSvFO2	46	1.2
R_2cp9tFelooSvFO2_2	R_2cp9tFelooSvFO2	165	2.3
R_2cp9tFelooSvFO2_3	R_2cp9tFelooSvFO2	235	1.2
R_2cp9tFelooSvFO2_4	R_2cp9tFelooSvFO2	268	1.2
R_2cp9tFelooSvFO2_5	R_2cp9tFelooSvFO2	384	1.2
R_Qc4poUG8L6xOMcV_1	R_Qc4poUG8L6xOMcV	82	4.2
R_Qc4poUG8L6xOMcV_2	R_Qc4poUG8L6xOMcV	134	6.2
R_Qc4poUG8L6xOMcV_3	R_Qc4poUG8L6xOMcV	173	6.2
R_Qc4poUG8L6xOMcV_4	R_Qc4poUG8L6xOMcV	274	6.5
R_Qc4poUG8L6xOMcV_5	R_Qc4poUG8L6xOMcV	340	3.2
R_0OePPQQ0Eu8vF3X_1	R_0OePPQQ0Eu8vF3X	36	4.2
R_0OePPQQ0Eu8vF3X_2	R_0OePPQQ0Eu8vF3X	110	6.5
R_0OePPQQ0Eu8vF3X_3	R_0OePPQQ0Eu8vF3X	207	4.2
R_0OePPQQ0Eu8vF3X_4	R_0OePPQQ0Eu8vF3X	282	6.5
R_0OePPQQ0Eu8vF3X_5	R_0OePPQQ0Eu8vF3X	375	6.5
R_2rDyxME5mBal26x_1	R_2rDyxME5mBal26x	31	6.2
R_2rDyxME5mBal26x_2	R_2rDyxME5mBal26x	135	3.2
R_2rDyxME5mBal26x_3	R_2rDyxME5mBal26x	184	1
R_2rDyxME5mBal26x_4	R_2rDyxME5mBal26x	271	6.2
R_2rDyxME5mBal26x_5	R_2rDyxME5mBal26x	386	4.2
R_1g7RWQntYlcMSKz_1	R_1g7RWQntYlcMSKz	55	1.2
R_1g7RWQntYlcMSKz_2	R_1g7RWQntYlcMSKz	98	4.2
R_1g7RWQntYlcMSKz_3	R_1g7RWQntYlcMSKz	204	6.5
R_1g7RWQntYlcMSKz_4	R_1g7RWQntYlcMSKz	266	6.2
R_1g7RWQntYlcMSKz_5	R_1g7RWQntYlcMSKz	348	3.2
R_wMKuQErkdrWY17b_1	R_wMKuQErkdrWY17b	10	6.5
R_wMKuQErkdrWY17b_2	R_wMKuQErkdrWY17b	96	6.5
R_wMKuQErkdrWY17b_3	R_wMKuQErkdrWY17b	200	6.5
R_wMKuQErkdrWY17b_4	R_wMKuQErkdrWY17b	306	4.5
R_wMKuQErkdrWY17b_5	R_wMKuQErkdrWY17b	417	6.5
R_XBytlxlaSrSVb69_1	R_XBytlxlaSrSVb69	12	6.5
R_XBytlxlaSrSVb69_2	R_XBytlxlaSrSVb69	97	6.2
R_XBytlxlaSrSVb69_3	R_XBytlxlaSrSVb69	176	6.2
R_XBytlxlaSrSVb69_4	R_XBytlxlaSrSVb69	321	6.9
R_XBytlxlaSrSVb69_5	R_XBytlxlaSrSVb69	353	3.5
R_3Jw9WNCBWRV66DT_1	R_3Jw9WNCBWRV66DT	4	3.2
R_3Jw9WNCBWRV66DT_2	R_3Jw9WNCBWRV66DT	149	6.5
R_3Jw9WNCBWRV66DT_3	R_3Jw9WNCBWRV66DT	179	3.2
R_3Jw9WNCBWRV66DT_4	R_3Jw9WNCBWRV66DT	253	6.2
R_3Jw9WNCBWRV66DT_5	R_3Jw9WNCBWRV66DT	382	6.2
R_21sHPy3Zfn9XV2y_1	R_21sHPy3Zfn9XV2y	29	6.2
R_21sHPy3Zfn9XV2y_2	R_21sHPy3Zfn9XV2y	103	4.2
R_21sHPy3Zfn9XV2y_3	R_21sHPy3Zfn9XV2y	203	3.2
R_21sHPy3Zfn9XV2y_4	R_21sHPy3Zfn9XV2y	285	6.2
R_21sHPy3Zfn9XV2y_5	R_21sHPy3Zfn9XV2y	388	4.2
R_2VxdAcFzlcpbk9U_1	R_2VxdAcFzlcpbk9U	70	6.2
R_2VxdAcFzlcpbk9U_2	R_2VxdAcFzlcpbk9U	148	6.5
R_2VxdAcFzlcpbk9U_3	R_2VxdAcFzlcpbk9U	226	4.2
R_2VxdAcFzlcpbk9U_4	R_2VxdAcFzlcpbk9U	279	6.5
R_2VxdAcFzlcpbk9U_5	R_2VxdAcFzlcpbk9U	413	6.5
R_TvB3qGkZwTSjV4t_1	R_TvB3qGkZwTSjV4t	18	4.2
R_TvB3qGkZwTSjV4t_2	R_TvB3qGkZwTSjV4t	168	1
R_TvB3qGkZwTSjV4t_3	R_TvB3qGkZwTSjV4t	178	3.2
R_TvB3qGkZwTSjV4t_4	R_TvB3qGkZwTSjV4t	329	3.2
R_TvB3qGkZwTSjV4t_5	R_TvB3qGkZwTSjV4t	414	3.2
R_3HAp6okqGwaAlr6_1	R_3HAp6okqGwaAlr6	60	6.2
R_3HAp6okqGwaAlr6_2	R_3HAp6okqGwaAlr6	155	2.3
R_3HAp6okqGwaAlr6_3	R_3HAp6okqGwaAlr6	224	6.2
R_3HAp6okqGwaAlr6_4	R_3HAp6okqGwaAlr6	287	1.2
R_3HAp6okqGwaAlr6_5	R_3HAp6okqGwaAlr6	372	6.5
R_2w5APqi1FRXTcaf_1	R_2w5APqi1FRXTcaf	4	1.2
R_2w5APqi1FRXTcaf_2	R_2w5APqi1FRXTcaf	137	2.3
R_2w5APqi1FRXTcaf_3	R_2w5APqi1FRXTcaf	236	1.2
R_2w5APqi1FRXTcaf_4	R_2w5APqi1FRXTcaf	260	1.2
R_2w5APqi1FRXTcaf_5	R_2w5APqi1FRXTcaf	389	1.2
R_yJ6wfoQV0isjWBr_1	R_yJ6wfoQV0isjWBr	19	6.5
R_yJ6wfoQV0isjWBr_2	R_yJ6wfoQV0isjWBr	90	6.2
R_yJ6wfoQV0isjWBr_3	R_yJ6wfoQV0isjWBr	247	6.5
R_yJ6wfoQV0isjWBr_4	R_yJ6wfoQV0isjWBr	335	6.2
R_yJ6wfoQV0isjWBr_5	R_yJ6wfoQV0isjWBr	361	3.2
R_3dE2WDPyZzfnXbC_1	R_3dE2WDPyZzfnXbC	54	6.5
R_3dE2WDPyZzfnXbC_2	R_3dE2WDPyZzfnXbC	156	6.5
R_3dE2WDPyZzfnXbC_3	R_3dE2WDPyZzfnXbC	213	6.5
R_3dE2WDPyZzfnXbC_4	R_3dE2WDPyZzfnXbC	316	6.2
R_3dE2WDPyZzfnXbC_5	R_3dE2WDPyZzfnXbC	411	6.2
R_5jRlP3nKHGclOFj_1	R_5jRlP3nKHGclOFj	74	6.5
R_5jRlP3nKHGclOFj_2	R_5jRlP3nKHGclOFj	163	6.5
R_5jRlP3nKHGclOFj_3	R_5jRlP3nKHGclOFj	181	3.2
R_5jRlP3nKHGclOFj_4	R_5jRlP3nKHGclOFj	268	3.2
R_5jRlP3nKHGclOFj_5	R_5jRlP3nKHGclOFj	410	6.5
R_2xWTKIOpU9FX9Bu_1	R_2xWTKIOpU9FX9Bu	84	3.2
R_2xWTKIOpU9FX9Bu_2	R_2xWTKIOpU9FX9Bu	101	4.5
R_2xWTKIOpU9FX9Bu_3	R_2xWTKIOpU9FX9Bu	205	3.2
R_2xWTKIOpU9FX9Bu_4	R_2xWTKIOpU9FX9Bu	312	3.2
R_2xWTKIOpU9FX9Bu_5	R_2xWTKIOpU9FX9Bu	400	6.5
R_2tDV8bFKDgO3SKV_1	R_2tDV8bFKDgO3SKV	27	3.5
R_2tDV8bFKDgO3SKV_2	R_2tDV8bFKDgO3SKV	152	6.5
R_2tDV8bFKDgO3SKV_3	R_2tDV8bFKDgO3SKV	218	1.5
R_2tDV8bFKDgO3SKV_4	R_2tDV8bFKDgO3SKV	276	3.2
R_2tDV8bFKDgO3SKV_5	R_2tDV8bFKDgO3SKV	350	4.2
R_2AEUozhKdiOv2dz_1	R_2AEUozhKdiOv2dz	49	6.2
R_2AEUozhKdiOv2dz_2	R_2AEUozhKdiOv2dz	125	4.2
R_2AEUozhKdiOv2dz_3	R_2AEUozhKdiOv2dz	240	4.2
R_2AEUozhKdiOv2dz_4	R_2AEUozhKdiOv2dz	272	3.2
R_2AEUozhKdiOv2dz_5	R_2AEUozhKdiOv2dz	392	6.2
R_1itAkCGbsD590PZ_1	R_1itAkCGbsD590PZ	23	6.5
R_1itAkCGbsD590PZ_2	R_1itAkCGbsD590PZ	148	4.2
R_1itAkCGbsD590PZ_3	R_1itAkCGbsD590PZ	234	6.2
R_1itAkCGbsD590PZ_4	R_1itAkCGbsD590PZ	294	3.2
R_1itAkCGbsD590PZ_5	R_1itAkCGbsD590PZ	402	6.2
R_2CEwmOXgqGtctrt_1	R_2CEwmOXgqGtctrt	38	6.5
R_2CEwmOXgqGtctrt_2	R_2CEwmOXgqGtctrt	91	3.2
R_2CEwmOXgqGtctrt_3	R_2CEwmOXgqGtctrt	187	2.3
R_2CEwmOXgqGtctrt_4	R_2CEwmOXgqGtctrt	308	3.9
R_2CEwmOXgqGtctrt_5	R_2CEwmOXgqGtctrt	343	3.2
R_1CwqF3XMcOybgIW_1	R_1CwqF3XMcOybgIW	65	3.2
R_1CwqF3XMcOybgIW_2	R_1CwqF3XMcOybgIW	91	7
R_1CwqF3XMcOybgIW_3	R_1CwqF3XMcOybgIW	224	3.2
R_1CwqF3XMcOybgIW_4	R_1CwqF3XMcOybgIW	299	1.5
R_1CwqF3XMcOybgIW_5	R_1CwqF3XMcOybgIW	351	3.2
R_3O7WLq2c6Zv9pVO_1	R_3O7WLq2c6Zv9pVO	5	3.2
R_3O7WLq2c6Zv9pVO_2	R_3O7WLq2c6Zv9pVO	157	1.2
R_3O7WLq2c6Zv9pVO_3	R_3O7WLq2c6Zv9pVO	239	1.2
R_3O7WLq2c6Zv9pVO_4	R_3O7WLq2c6Zv9pVO	323	3.2
R_3O7WLq2c6Zv9pVO_5	R_3O7WLq2c6Zv9pVO	363	1.2
R_3mmXh2LU82nVg96_1	R_3mmXh2LU82nVg96	33	4.2
R_3mmXh2LU82nVg96_2	R_3mmXh2LU82nVg96	98	4.5
R_3mmXh2LU82nVg96_3	R_3mmXh2LU82nVg96	230	6.2
R_3mmXh2LU82nVg96_4	R_3mmXh2LU82nVg96	289	4.5
R_3mmXh2LU82nVg96_5	R_3mmXh2LU82nVg96	357	6.5
R_25T5ImOfpOm39RP_1	R_25T5ImOfpOm39RP	79	4.2
R_25T5ImOfpOm39RP_2	R_25T5ImOfpOm39RP	156	4.2
R_25T5ImOfpOm39RP_3	R_25T5ImOfpOm39RP	221	3.2
R_25T5ImOfpOm39RP_4	R_25T5ImOfpOm39RP	326	4.2
R_25T5ImOfpOm39RP_5	R_25T5ImOfpOm39RP	347	6.5
R_STWx9e4pDejyni9_1	R_STWx9e4pDejyni9	2	4.5
R_STWx9e4pDejyni9_2	R_STWx9e4pDejyni9	95	6.2
R_STWx9e4pDejyni9_3	R_STWx9e4pDejyni9	243	3.2
R_STWx9e4pDejyni9_4	R_STWx9e4pDejyni9	267	3.2
R_STWx9e4pDejyni9_5	R_STWx9e4pDejyni9	399	6.5
R_1LBVWn2odUg9oA6_1	R_1LBVWn2odUg9oA6	84	3.2
R_1LBVWn2odUg9oA6_2	R_1LBVWn2odUg9oA6	100	4.2
R_1LBVWn2odUg9oA6_3	R_1LBVWn2odUg9oA6	238	3.2
R_1LBVWn2odUg9oA6_4	R_1LBVWn2odUg9oA6	270	4.2
R_1LBVWn2odUg9oA6_5	R_1LBVWn2odUg9oA6	365	3.2
R_Cf3oaCWH23zMSdj_1	R_Cf3oaCWH23zMSdj	78	3.2
R_Cf3oaCWH23zMSdj_2	R_Cf3oaCWH23zMSdj	88	4.5
R_Cf3oaCWH23zMSdj_3	R_Cf3oaCWH23zMSdj	200	6.2
R_Cf3oaCWH23zMSdj_4	R_Cf3oaCWH23zMSdj	296	3.2
R_Cf3oaCWH23zMSdj_5	R_Cf3oaCWH23zMSdj	337	3.2
R_OfMFUY2MFvKUtH3_1	R_OfMFUY2MFvKUtH3	48	6.5
R_OfMFUY2MFvKUtH3_2	R_OfMFUY2MFvKUtH3	111	6.2
R_OfMFUY2MFvKUtH3_3	R_OfMFUY2MFvKUtH3	244	3.5
R_OfMFUY2MFvKUtH3_4	R_OfMFUY2MFvKUtH3	315	4.2
R_OfMFUY2MFvKUtH3_5	R_OfMFUY2MFvKUtH3	355	4.2
R_2aPGF30aCkFTUVJ_1	R_2aPGF30aCkFTUVJ	47	6.5
R_2aPGF30aCkFTUVJ_2	R_2aPGF30aCkFTUVJ	167	6.5
R_2aPGF30aCkFTUVJ_3	R_2aPGF30aCkFTUVJ	250	6.2
R_2aPGF30aCkFTUVJ_4	R_2aPGF30aCkFTUVJ	331	3.2
R_2aPGF30aCkFTUVJ_5	R_2aPGF30aCkFTUVJ	406	2.3
R_3iqHvljEoHkIuA3_1	R_3iqHvljEoHkIuA3	81	1.2
R_3iqHvljEoHkIuA3_2	R_3iqHvljEoHkIuA3	108	1.2
R_3iqHvljEoHkIuA3_3	R_3iqHvljEoHkIuA3	237	4.2
R_3iqHvljEoHkIuA3_4	R_3iqHvljEoHkIuA3	303	6.2
R_3iqHvljEoHkIuA3_5	R_3iqHvljEoHkIuA3	350	2.3
R_1pVyQvn9g9UEEmm_1	R_1pVyQvn9g9UEEmm	77	1
R_1pVyQvn9g9UEEmm_2	R_1pVyQvn9g9UEEmm	163	6.5
R_1pVyQvn9g9UEEmm_3	R_1pVyQvn9g9UEEmm	182	6.5
R_1pVyQvn9g9UEEmm_4	R_1pVyQvn9g9UEEmm	307	6.2
R_1pVyQvn9g9UEEmm_5	R_1pVyQvn9g9UEEmm	346	1.2
R_1N9zzcTNBoGJ2sR_1	R_1N9zzcTNBoGJ2sR	20	6.5
R_1N9zzcTNBoGJ2sR_2	R_1N9zzcTNBoGJ2sR	113	6.2
R_1N9zzcTNBoGJ2sR_3	R_1N9zzcTNBoGJ2sR	226	6.5
R_1N9zzcTNBoGJ2sR_4	R_1N9zzcTNBoGJ2sR	291	6.5
R_1N9zzcTNBoGJ2sR_5	R_1N9zzcTNBoGJ2sR	346	6.5
R_1PSGwxsE86F4twO_1	R_1PSGwxsE86F4twO	32	4.2
R_1PSGwxsE86F4twO_2	R_1PSGwxsE86F4twO	135	4.2
R_1PSGwxsE86F4twO_3	R_1PSGwxsE86F4twO	250	1.5
R_1PSGwxsE86F4twO_4	R_1PSGwxsE86F4twO	289	3.2
R_1PSGwxsE86F4twO_5	R_1PSGwxsE86F4twO	416	3.2
R_3R4lpvpSZKNYUCN_1	R_3R4lpvpSZKNYUCN	71	6.5
R_3R4lpvpSZKNYUCN_2	R_3R4lpvpSZKNYUCN	112	4.2
R_3R4lpvpSZKNYUCN_3	R_3R4lpvpSZKNYUCN	196	1.5
R_3R4lpvpSZKNYUCN_4	R_3R4lpvpSZKNYUCN	254	3.2
R_3R4lpvpSZKNYUCN_5	R_3R4lpvpSZKNYUCN	402	3.2
R_2CxfrvtsbMfoKL3_1	R_2CxfrvtsbMfoKL3	20	1.2
R_2CxfrvtsbMfoKL3_2	R_2CxfrvtsbMfoKL3	112	1.2
R_2CxfrvtsbMfoKL3_3	R_2CxfrvtsbMfoKL3	249	1.2
R_2CxfrvtsbMfoKL3_4	R_2CxfrvtsbMfoKL3	316	1.2
R_2CxfrvtsbMfoKL3_5	R_2CxfrvtsbMfoKL3	373	4.2
R_3lEy7CLfIzh1GHd_1	R_3lEy7CLfIzh1GHd	1	1.5
R_3lEy7CLfIzh1GHd_2	R_3lEy7CLfIzh1GHd	126	3.2
R_3lEy7CLfIzh1GHd_3	R_3lEy7CLfIzh1GHd	249	2.3
R_3lEy7CLfIzh1GHd_4	R_3lEy7CLfIzh1GHd	309	4.2
R_3lEy7CLfIzh1GHd_5	R_3lEy7CLfIzh1GHd	354	3.4
R_2xXeWRmQ9TLZ3lw_1	R_2xXeWRmQ9TLZ3lw	44	6.2
R_2xXeWRmQ9TLZ3lw_2	R_2xXeWRmQ9TLZ3lw	119	4.2
R_2xXeWRmQ9TLZ3lw_3	R_2xXeWRmQ9TLZ3lw	176	4.2
R_2xXeWRmQ9TLZ3lw_4	R_2xXeWRmQ9TLZ3lw	297	4.2
R_2xXeWRmQ9TLZ3lw_5	R_2xXeWRmQ9TLZ3lw	393	6.2
R_27a54HYR9IEIH7T_1	R_27a54HYR9IEIH7T	8	4.2
R_27a54HYR9IEIH7T_2	R_27a54HYR9IEIH7T	88	3.2
R_27a54HYR9IEIH7T_3	R_27a54HYR9IEIH7T	217	4.2
R_27a54HYR9IEIH7T_4	R_27a54HYR9IEIH7T	284	6.2
R_27a54HYR9IEIH7T_5	R_27a54HYR9IEIH7T	383	3.2
R_1f41UhJGguVVQEi_1	R_1f41UhJGguVVQEi	14	6.2
R_1f41UhJGguVVQEi_2	R_1f41UhJGguVVQEi	160	4.2
R_1f41UhJGguVVQEi_3	R_1f41UhJGguVVQEi	191	6.2
R_1f41UhJGguVVQEi_4	R_1f41UhJGguVVQEi	334	6.5
R_1f41UhJGguVVQEi_5	R_1f41UhJGguVVQEi	398	6.5
R_wSkDqB6ZNAVmKY1_1	R_wSkDqB6ZNAVmKY1	70	3.2
R_wSkDqB6ZNAVmKY1_2	R_wSkDqB6ZNAVmKY1	129	3.2
R_wSkDqB6ZNAVmKY1_3	R_wSkDqB6ZNAVmKY1	233	6.5
R_wSkDqB6ZNAVmKY1_4	R_wSkDqB6ZNAVmKY1	307	3.2
R_wSkDqB6ZNAVmKY1_5	R_wSkDqB6ZNAVmKY1	361	3.2
R_6Xd43lcLXVLdBh7_1	R_6Xd43lcLXVLdBh7	34	4.2
R_6Xd43lcLXVLdBh7_2	R_6Xd43lcLXVLdBh7	100	1.2
R_6Xd43lcLXVLdBh7_3	R_6Xd43lcLXVLdBh7	232	4.2
R_6Xd43lcLXVLdBh7_4	R_6Xd43lcLXVLdBh7	310	3.2
R_6Xd43lcLXVLdBh7_5	R_6Xd43lcLXVLdBh7	344	1.2
R_eQzIcJ3JIlXTd9D_1	R_eQzIcJ3JIlXTd9D	51	3.2
R_eQzIcJ3JIlXTd9D_2	R_eQzIcJ3JIlXTd9D	87	4.2
R_eQzIcJ3JIlXTd9D_3	R_eQzIcJ3JIlXTd9D	222	3.2
R_eQzIcJ3JIlXTd9D_4	R_eQzIcJ3JIlXTd9D	304	6.5
R_eQzIcJ3JIlXTd9D_5	R_eQzIcJ3JIlXTd9D	381	4.2
R_3wr4CIeY7F2sP73_1	R_3wr4CIeY7F2sP73	33	1.2
R_3wr4CIeY7F2sP73_2	R_3wr4CIeY7F2sP73	165	6.5
R_3wr4CIeY7F2sP73_3	R_3wr4CIeY7F2sP73	192	6.2
R_3wr4CIeY7F2sP73_4	R_3wr4CIeY7F2sP73	281	6.5
R_3wr4CIeY7F2sP73_5	R_3wr4CIeY7F2sP73	336	6.5
R_1Io8qG15wprv7wG_1	R_1Io8qG15wprv7wG	26	3.2
R_1Io8qG15wprv7wG_2	R_1Io8qG15wprv7wG	150	6.2
R_1Io8qG15wprv7wG_3	R_1Io8qG15wprv7wG	244	4.2
R_1Io8qG15wprv7wG_4	R_1Io8qG15wprv7wG	275	4.2
R_1Io8qG15wprv7wG_5	R_1Io8qG15wprv7wG	376	6.2
R_3oGWvgpA3WsRlRG_1	R_3oGWvgpA3WsRlRG	54	3.2
R_3oGWvgpA3WsRlRG_2	R_3oGWvgpA3WsRlRG	151	4.2
R_3oGWvgpA3WsRlRG_3	R_3oGWvgpA3WsRlRG	193	2.3
R_3oGWvgpA3WsRlRG_4	R_3oGWvgpA3WsRlRG	284	4.2
R_3oGWvgpA3WsRlRG_5	R_3oGWvgpA3WsRlRG	345	4.2
R_bClDeCMHTrXnuNP_1	R_bClDeCMHTrXnuNP	32	6.5
R_bClDeCMHTrXnuNP_2	R_bClDeCMHTrXnuNP	158	4.2
R_bClDeCMHTrXnuNP_3	R_bClDeCMHTrXnuNP	225	4.2
R_bClDeCMHTrXnuNP_4	R_bClDeCMHTrXnuNP	278	3.2
R_bClDeCMHTrXnuNP_5	R_bClDeCMHTrXnuNP	409	6.5
R_3sBwmH6f8c5bjRk_1	R_3sBwmH6f8c5bjRk	56	1.2
R_3sBwmH6f8c5bjRk_2	R_3sBwmH6f8c5bjRk	94	6.2
R_3sBwmH6f8c5bjRk_3	R_3sBwmH6f8c5bjRk	242	6.5
R_3sBwmH6f8c5bjRk_4	R_3sBwmH6f8c5bjRk	288	1.2
R_3sBwmH6f8c5bjRk_5	R_3sBwmH6f8c5bjRk	360	3.5
R_1gkCxCAAloxr2og_1	R_1gkCxCAAloxr2og	30	1.2
R_1gkCxCAAloxr2og_2	R_1gkCxCAAloxr2og	137	3.5
R_1gkCxCAAloxr2og_3	R_1gkCxCAAloxr2og	225	6.5
R_1gkCxCAAloxr2og_4	R_1gkCxCAAloxr2og	296	6.2
R_1gkCxCAAloxr2og_5	R_1gkCxCAAloxr2og	349	6.5
R_3EMi9H6INraNIsy_1	R_3EMi9H6INraNIsy	55	1.2
R_3EMi9H6INraNIsy_2	R_3EMi9H6INraNIsy	148	1.2
R_3EMi9H6INraNIsy_3	R_3EMi9H6INraNIsy	248	3.2
R_3EMi9H6INraNIsy_4	R_3EMi9H6INraNIsy	301	1.2
R_3EMi9H6INraNIsy_5	R_3EMi9H6INraNIsy	414	3.2
R_1CDCVd3BLzRFvYW_1	R_1CDCVd3BLzRFvYW	36	4.5
R_1CDCVd3BLzRFvYW_2	R_1CDCVd3BLzRFvYW	136	1.2
R_1CDCVd3BLzRFvYW_3	R_1CDCVd3BLzRFvYW	215	6.2
R_1CDCVd3BLzRFvYW_4	R_1CDCVd3BLzRFvYW	301	6.5
R_1CDCVd3BLzRFvYW_5	R_1CDCVd3BLzRFvYW	378	6.2
R_2PzZcjCPek5Gsrf_1	R_2PzZcjCPek5Gsrf	62	3.2
R_2PzZcjCPek5Gsrf_2	R_2PzZcjCPek5Gsrf	132	1.2
R_2PzZcjCPek5Gsrf_3	R_2PzZcjCPek5Gsrf	197	1.5
R_2PzZcjCPek5Gsrf_4	R_2PzZcjCPek5Gsrf	264	1.2
R_2PzZcjCPek5Gsrf_5	R_2PzZcjCPek5Gsrf	385	3.2
R_tPuj2guRW2IW3Ul_1	R_tPuj2guRW2IW3Ul	56	6.2
R_tPuj2guRW2IW3Ul_2	R_tPuj2guRW2IW3Ul	140	6.5
R_tPuj2guRW2IW3Ul_3	R_tPuj2guRW2IW3Ul	252	1.2
R_tPuj2guRW2IW3Ul_4	R_tPuj2guRW2IW3Ul	273	6.5
R_tPuj2guRW2IW3Ul_5	R_tPuj2guRW2IW3Ul	396	6.2
R_1pWjqW6tA6K6MYj_1	R_1pWjqW6tA6K6MYj	74	6.5
R_1pWjqW6tA6K6MYj_2	R_1pWjqW6tA6K6MYj	129	6.5
R_1pWjqW6tA6K6MYj_3	R_1pWjqW6tA6K6MYj	232	6.5
R_1pWjqW6tA6K6MYj_4	R_1pWjqW6tA6K6MYj	283	6.5
R_1pWjqW6tA6K6MYj_5	R_1pWjqW6tA6K6MYj	405	4.2
R_3itiLqshSfHXeoT_1	R_3itiLqshSfHXeoT	76	1.2
R_3itiLqshSfHXeoT_2	R_3itiLqshSfHXeoT	168	6.2
R_3itiLqshSfHXeoT_3	R_3itiLqshSfHXeoT	216	3.2
R_3itiLqshSfHXeoT_4	R_3itiLqshSfHXeoT	285	6.2
R_3itiLqshSfHXeoT_5	R_3itiLqshSfHXeoT	364	1.2
R_2aIZGqZj4dLDI6f_1	R_2aIZGqZj4dLDI6f	38	6.9
R_2aIZGqZj4dLDI6f_2	R_2aIZGqZj4dLDI6f	122	4.2
R_2aIZGqZj4dLDI6f_3	R_2aIZGqZj4dLDI6f	183	3.2
R_2aIZGqZj4dLDI6f_4	R_2aIZGqZj4dLDI6f	312	6.5
R_2aIZGqZj4dLDI6f_5	R_2aIZGqZj4dLDI6f	343	3.2
R_2ymwwrbpEL95KG9_1	R_2ymwwrbpEL95KG9	82	1.2
R_2ymwwrbpEL95KG9_2	R_2ymwwrbpEL95KG9	135	6.5
R_2ymwwrbpEL95KG9_3	R_2ymwwrbpEL95KG9	221	6.5
R_2ymwwrbpEL95KG9_4	R_2ymwwrbpEL95KG9	260	4.2
R_2ymwwrbpEL95KG9_5	R_2ymwwrbpEL95KG9	336	6.5
R_SPD8SJu6QwFyOcN_1	R_SPD8SJu6QwFyOcN	10	6.2
R_SPD8SJu6QwFyOcN_2	R_SPD8SJu6QwFyOcN	138	6.2
R_SPD8SJu6QwFyOcN_3	R_SPD8SJu6QwFyOcN	219	3.2
R_SPD8SJu6QwFyOcN_4	R_SPD8SJu6QwFyOcN	306	3.2
R_SPD8SJu6QwFyOcN_5	R_SPD8SJu6QwFyOcN	352	6.5
R_1f3fRDbsl9jD5Ww_1	R_1f3fRDbsl9jD5Ww	30	3.2
R_1f3fRDbsl9jD5Ww_2	R_1f3fRDbsl9jD5Ww	107	1.2
R_1f3fRDbsl9jD5Ww_3	R_1f3fRDbsl9jD5Ww	212	4.2
R_1f3fRDbsl9jD5Ww_4	R_1f3fRDbsl9jD5Ww	275	3.2
R_1f3fRDbsl9jD5Ww_5	R_1f3fRDbsl9jD5Ww	358	1.2
R_Rklp4RWQVQgmWid_1	R_Rklp4RWQVQgmWid	66	4.2
R_Rklp4RWQVQgmWid_2	R_Rklp4RWQVQgmWid	133	4.2
R_Rklp4RWQVQgmWid_3	R_Rklp4RWQVQgmWid	199	1.2
R_Rklp4RWQVQgmWid_4	R_Rklp4RWQVQgmWid	327	4.2
R_Rklp4RWQVQgmWid_5	R_Rklp4RWQVQgmWid	370	6.5
R_w5etN0bXknX91q9_1	R_w5etN0bXknX91q9	74	4.2
R_w5etN0bXknX91q9_2	R_w5etN0bXknX91q9	124	3.2
R_w5etN0bXknX91q9_3	R_w5etN0bXknX91q9	195	4.2
R_w5etN0bXknX91q9_4	R_w5etN0bXknX91q9	329	3.2
R_w5etN0bXknX91q9_5	R_w5etN0bXknX91q9	351	1.2
R_2COOVjyAYcbSZBM_1	R_2COOVjyAYcbSZBM	40	3.2
R_2COOVjyAYcbSZBM_2	R_2COOVjyAYcbSZBM	89	3.2
R_2COOVjyAYcbSZBM_3	R_2COOVjyAYcbSZBM	192	6.2
R_2COOVjyAYcbSZBM_4	R_2COOVjyAYcbSZBM	334	6.2
R_2COOVjyAYcbSZBM_5	R_2COOVjyAYcbSZBM	391	2.2
R_vZuGlfj8lOmSY37_1	R_vZuGlfj8lOmSY37	42	3.2
R_vZuGlfj8lOmSY37_2	R_vZuGlfj8lOmSY37	117	6.2
R_vZuGlfj8lOmSY37_3	R_vZuGlfj8lOmSY37	223	4.2
R_vZuGlfj8lOmSY37_4	R_vZuGlfj8lOmSY37	314	6.5
R_vZuGlfj8lOmSY37_5	R_vZuGlfj8lOmSY37	390	1.2
R_PXOlJ2jSCXLT3Ff_1	R_PXOlJ2jSCXLT3Ff	27	6.5
R_PXOlJ2jSCXLT3Ff_2	R_PXOlJ2jSCXLT3Ff	106	1.5
R_PXOlJ2jSCXLT3Ff_3	R_PXOlJ2jSCXLT3Ff	251	3.2
R_PXOlJ2jSCXLT3Ff_4	R_PXOlJ2jSCXLT3Ff	331	3.2
R_PXOlJ2jSCXLT3Ff_5	R_PXOlJ2jSCXLT3Ff	374	6.2
R_2Ua8QrptM9JbrQW_1	R_2Ua8QrptM9JbrQW	66	4.2
R_2Ua8QrptM9JbrQW_2	R_2Ua8QrptM9JbrQW	92	6.2
R_2Ua8QrptM9JbrQW_3	R_2Ua8QrptM9JbrQW	238	6.2
R_2Ua8QrptM9JbrQW_4	R_2Ua8QrptM9JbrQW	270	6.2
R_2Ua8QrptM9JbrQW_5	R_2Ua8QrptM9JbrQW	387	6.2
R_3oA99lmBLFDBvnj_1	R_3oA99lmBLFDBvnj	6	6.2
R_3oA99lmBLFDBvnj_2	R_3oA99lmBLFDBvnj	94	4.2
R_3oA99lmBLFDBvnj_3	R_3oA99lmBLFDBvnj	182	4.2
R_3oA99lmBLFDBvnj_4	R_3oA99lmBLFDBvnj	293	1.5
R_3oA99lmBLFDBvnj_5	R_3oA99lmBLFDBvnj	362	3.2
R_3eaFPz1YPhmUqzt_1	R_3eaFPz1YPhmUqzt	65	4.2
R_3eaFPz1YPhmUqzt_2	R_3eaFPz1YPhmUqzt	155	4.2
R_3eaFPz1YPhmUqzt_3	R_3eaFPz1YPhmUqzt	239	6.5
R_3eaFPz1YPhmUqzt_4	R_3eaFPz1YPhmUqzt	326	3.2
R_3eaFPz1YPhmUqzt_5	R_3eaFPz1YPhmUqzt	348	4.2
R_1eQAOZUF4OeFfld_1	R_1eQAOZUF4OeFfld	48	6.5
R_1eQAOZUF4OeFfld_2	R_1eQAOZUF4OeFfld	87	1.5
R_1eQAOZUF4OeFfld_3	R_1eQAOZUF4OeFfld	177	1.5
R_1eQAOZUF4OeFfld_4	R_1eQAOZUF4OeFfld	297	3.2
R_1eQAOZUF4OeFfld_5	R_1eQAOZUF4OeFfld	393	3.2
R_1oGrwdrSBjAsq7D_1	R_1oGrwdrSBjAsq7D	62	1.5
R_1oGrwdrSBjAsq7D_2	R_1oGrwdrSBjAsq7D	157	6.5
R_1oGrwdrSBjAsq7D_3	R_1oGrwdrSBjAsq7D	246	6.5
R_1oGrwdrSBjAsq7D_4	R_1oGrwdrSBjAsq7D	300	2.2
R_1oGrwdrSBjAsq7D_5	R_1oGrwdrSBjAsq7D	347	6.2
R_z83euUJF8eSSY8h_1	R_z83euUJF8eSSY8h	23	6.5
R_z83euUJF8eSSY8h_2	R_z83euUJF8eSSY8h	143	6.5
R_z83euUJF8eSSY8h_3	R_z83euUJF8eSSY8h	218	6.5
R_z83euUJF8eSSY8h_4	R_z83euUJF8eSSY8h	258	6.5
R_z83euUJF8eSSY8h_5	R_z83euUJF8eSSY8h	355	6.5
R_1LhyOz9jrkIJQCi_1	R_1LhyOz9jrkIJQCi	9	6.9
R_1LhyOz9jrkIJQCi_2	R_1LhyOz9jrkIJQCi	95	6.5
R_1LhyOz9jrkIJQCi_3	R_1LhyOz9jrkIJQCi	203	1.5
R_1LhyOz9jrkIJQCi_4	R_1LhyOz9jrkIJQCi	294	6.2
R_1LhyOz9jrkIJQCi_5	R_1LhyOz9jrkIJQCi	415	6.9
R_1CqdA4U3fMaXDFV_1	R_1CqdA4U3fMaXDFV	69	3.4
R_1CqdA4U3fMaXDFV_2	R_1CqdA4U3fMaXDFV	128	6.5
R_1CqdA4U3fMaXDFV_3	R_1CqdA4U3fMaXDFV	169	6.2
R_1CqdA4U3fMaXDFV_4	R_1CqdA4U3fMaXDFV	332	4.5
R_1CqdA4U3fMaXDFV_5	R_1CqdA4U3fMaXDFV	373	3.2
R_2R2E5hgGHIaKHXz_1	R_2R2E5hgGHIaKHXz	77	4.2
R_2R2E5hgGHIaKHXz_2	R_2R2E5hgGHIaKHXz	139	6.2
R_2R2E5hgGHIaKHXz_3	R_2R2E5hgGHIaKHXz	223	6.5
R_2R2E5hgGHIaKHXz_4	R_2R2E5hgGHIaKHXz	319	3.2
R_2R2E5hgGHIaKHXz_5	R_2R2E5hgGHIaKHXz	407	6.5
R_1ityVQ0Ru3wj74Y_1	R_1ityVQ0Ru3wj74Y	16	3.2
R_1ityVQ0Ru3wj74Y_2	R_1ityVQ0Ru3wj74Y	128	6.5
R_1ityVQ0Ru3wj74Y_3	R_1ityVQ0Ru3wj74Y	217	3.2
R_1ityVQ0Ru3wj74Y_4	R_1ityVQ0Ru3wj74Y	308	4.2
R_1ityVQ0Ru3wj74Y_5	R_1ityVQ0Ru3wj74Y	412	3.2
R_CaD7yFl7q5MrzCp_1	R_CaD7yFl7q5MrzCp	11	6.2
R_CaD7yFl7q5MrzCp_2	R_CaD7yFl7q5MrzCp	90	6.2
R_CaD7yFl7q5MrzCp_3	R_CaD7yFl7q5MrzCp	169	4.2
R_CaD7yFl7q5MrzCp_4	R_CaD7yFl7q5MrzCp	305	4.2
R_CaD7yFl7q5MrzCp_5	R_CaD7yFl7q5MrzCp	388	6.2
R_2f3zCPdKbNAtHjz_1	R_2f3zCPdKbNAtHjz	16	3.2
R_2f3zCPdKbNAtHjz_2	R_2f3zCPdKbNAtHjz	136	4.2
R_2f3zCPdKbNAtHjz_3	R_2f3zCPdKbNAtHjz	235	3.2
R_2f3zCPdKbNAtHjz_4	R_2f3zCPdKbNAtHjz	318	4.2
R_2f3zCPdKbNAtHjz_5	R_2f3zCPdKbNAtHjz	349	3.2
R_1mCXoR0Phty4GNS_1	R_1mCXoR0Phty4GNS	71	6.2
R_1mCXoR0Phty4GNS_2	R_1mCXoR0Phty4GNS	118	6.2
R_1mCXoR0Phty4GNS_3	R_1mCXoR0Phty4GNS	220	4.2
R_1mCXoR0Phty4GNS_4	R_1mCXoR0Phty4GNS	264	4.2
R_1mCXoR0Phty4GNS_5	R_1mCXoR0Phty4GNS	404	4.2
R_6EWvBQzv5PWplMR_1	R_6EWvBQzv5PWplMR	47	6.5
R_6EWvBQzv5PWplMR_2	R_6EWvBQzv5PWplMR	146	6.5
R_6EWvBQzv5PWplMR_3	R_6EWvBQzv5PWplMR	241	1.2
R_6EWvBQzv5PWplMR_4	R_6EWvBQzv5PWplMR	320	6.2
R_6EWvBQzv5PWplMR_5	R_6EWvBQzv5PWplMR	369	6.2
R_sLqHaHugH6UNWmJ_1	R_sLqHaHugH6UNWmJ	14	3.5
R_sLqHaHugH6UNWmJ_2	R_sLqHaHugH6UNWmJ	102	4.2
R_sLqHaHugH6UNWmJ_3	R_sLqHaHugH6UNWmJ	236	1.2
R_sLqHaHugH6UNWmJ_4	R_sLqHaHugH6UNWmJ	288	4.2
R_sLqHaHugH6UNWmJ_5	R_sLqHaHugH6UNWmJ	399	3.2
R_3Mh3XioD09Ziv3e_1	R_3Mh3XioD09Ziv3e	83	6.5
R_3Mh3XioD09Ziv3e_2	R_3Mh3XioD09Ziv3e	97	3.2
R_3Mh3XioD09Ziv3e_3	R_3Mh3XioD09Ziv3e	211	4.2
R_3Mh3XioD09Ziv3e_4	R_3Mh3XioD09Ziv3e	310	4.2
R_3Mh3XioD09Ziv3e_5	R_3Mh3XioD09Ziv3e	354	6.2
R_3prLLdsKpegL9zB_1	R_3prLLdsKpegL9zB	4	3.2
R_3prLLdsKpegL9zB_2	R_3prLLdsKpegL9zB	99	4.2
R_3prLLdsKpegL9zB_3	R_3prLLdsKpegL9zB	198	4.2
R_3prLLdsKpegL9zB_4	R_3prLLdsKpegL9zB	267	6.2
R_3prLLdsKpegL9zB_5	R_3prLLdsKpegL9zB	377	6.2
R_2VeUaWJRF3Q5wrV_1	R_2VeUaWJRF3Q5wrV	5	6.5
R_2VeUaWJRF3Q5wrV_2	R_2VeUaWJRF3Q5wrV	120	6.5
R_2VeUaWJRF3Q5wrV_3	R_2VeUaWJRF3Q5wrV	203	1.2
R_2VeUaWJRF3Q5wrV_4	R_2VeUaWJRF3Q5wrV	315	4.2
R_2VeUaWJRF3Q5wrV_5	R_2VeUaWJRF3Q5wrV	395	3.2
R_2X4cfCYn9QnkT48_1	R_2X4cfCYn9QnkT48	3	6.5
R_2X4cfCYn9QnkT48_2	R_2X4cfCYn9QnkT48	88	3.2
R_2X4cfCYn9QnkT48_3	R_2X4cfCYn9QnkT48	196	3.2
R_2X4cfCYn9QnkT48_4	R_2X4cfCYn9QnkT48	277	6.5
R_2X4cfCYn9QnkT48_5	R_2X4cfCYn9QnkT48	344	6.9
R_3e1PRXFPCHW02aE_1	R_3e1PRXFPCHW02aE	19	3.2
R_3e1PRXFPCHW02aE_2	R_3e1PRXFPCHW02aE	109	6.5
R_3e1PRXFPCHW02aE_3	R_3e1PRXFPCHW02aE	249	1
R_3e1PRXFPCHW02aE_4	R_3e1PRXFPCHW02aE	282	3.2
R_3e1PRXFPCHW02aE_5	R_3e1PRXFPCHW02aE	379	6.2
R_1feW3mcR2cAKD1d_1	R_1feW3mcR2cAKD1d	8	6.2
R_1feW3mcR2cAKD1d_2	R_1feW3mcR2cAKD1d	118	6.5
R_1feW3mcR2cAKD1d_3	R_1feW3mcR2cAKD1d	206	1.2
R_1feW3mcR2cAKD1d_4	R_1feW3mcR2cAKD1d	323	3.2
R_1feW3mcR2cAKD1d_5	R_1feW3mcR2cAKD1d	353	6.5
R_27DnQXvFdH7McLj_1	R_27DnQXvFdH7McLj	15	6.2
R_27DnQXvFdH7McLj_2	R_27DnQXvFdH7McLj	108	6.5
R_27DnQXvFdH7McLj_3	R_27DnQXvFdH7McLj	209	6.2
R_27DnQXvFdH7McLj_4	R_27DnQXvFdH7McLj	269	3.2
R_27DnQXvFdH7McLj_5	R_27DnQXvFdH7McLj	386	6.2
R_ahJOuKSFE5MQHmx_1	R_ahJOuKSFE5MQHmx	2	6.5
R_ahJOuKSFE5MQHmx_2	R_ahJOuKSFE5MQHmx	115	3.5
R_ahJOuKSFE5MQHmx_3	R_ahJOuKSFE5MQHmx	173	6.2
R_ahJOuKSFE5MQHmx_4	R_ahJOuKSFE5MQHmx	309	6.5
R_ahJOuKSFE5MQHmx_5	R_ahJOuKSFE5MQHmx	362	6.2
R_2b3pz3yErFof7J0_1	R_2b3pz3yErFof7J0	73	3.2
R_2b3pz3yErFof7J0_2	R_2b3pz3yErFof7J0	132	6.5
R_2b3pz3yErFof7J0_3	R_2b3pz3yErFof7J0	186	6.9
R_2b3pz3yErFof7J0_4	R_2b3pz3yErFof7J0	287	6.2
R_2b3pz3yErFof7J0_5	R_2b3pz3yErFof7J0	366	6.5
R_10Oubo14iYzYg4P_1	R_10Oubo14iYzYg4P	65	3.2
R_10Oubo14iYzYg4P_2	R_10Oubo14iYzYg4P	109	6.2
R_10Oubo14iYzYg4P_3	R_10Oubo14iYzYg4P	240	3.2
R_10Oubo14iYzYg4P_4	R_10Oubo14iYzYg4P	279	1.2
R_10Oubo14iYzYg4P_5	R_10Oubo14iYzYg4P	342	3.5
R_3Dq20TQOKkbRz5q_1	R_3Dq20TQOKkbRz5q	14	1.2
R_3Dq20TQOKkbRz5q_2	R_3Dq20TQOKkbRz5q	153	1.2
R_3Dq20TQOKkbRz5q_3	R_3Dq20TQOKkbRz5q	218	1.2
R_3Dq20TQOKkbRz5q_4	R_3Dq20TQOKkbRz5q	263	3.2
R_3Dq20TQOKkbRz5q_5	R_3Dq20TQOKkbRz5q	383	4.2
R_3PFDbsm1VfzcVtF_1	R_3PFDbsm1VfzcVtF	4	3.2
R_3PFDbsm1VfzcVtF_2	R_3PFDbsm1VfzcVtF	125	6.5
R_3PFDbsm1VfzcVtF_3	R_3PFDbsm1VfzcVtF	201	6.5
R_3PFDbsm1VfzcVtF_4	R_3PFDbsm1VfzcVtF	292	6.5
R_3PFDbsm1VfzcVtF_5	R_3PFDbsm1VfzcVtF	408	6.2
R_2SdaaEQiEj5MAkJ_1	R_2SdaaEQiEj5MAkJ	36	1.2
R_2SdaaEQiEj5MAkJ_2	R_2SdaaEQiEj5MAkJ	160	6.2
R_2SdaaEQiEj5MAkJ_3	R_2SdaaEQiEj5MAkJ	228	6.5
R_2SdaaEQiEj5MAkJ_4	R_2SdaaEQiEj5MAkJ	286	6.2
R_2SdaaEQiEj5MAkJ_5	R_2SdaaEQiEj5MAkJ	406	1.2
R_sYY3M27k4zjwPfz_1	R_sYY3M27k4zjwPfz	63	
R_sYY3M27k4zjwPfz_2	R_sYY3M27k4zjwPfz	145	3.2
R_sYY3M27k4zjwPfz_3	R_sYY3M27k4zjwPfz	245	6.5
R_sYY3M27k4zjwPfz_4	R_sYY3M27k4zjwPfz	260	6.5
R_sYY3M27k4zjwPfz_5	R_sYY3M27k4zjwPfz	375	6.5
R_PA1EeRUe6I55jgd_1	R_PA1EeRUe6I55jgd	42	4.2
R_PA1EeRUe6I55jgd_2	R_PA1EeRUe6I55jgd	146	6.5
R_PA1EeRUe6I55jgd_3	R_PA1EeRUe6I55jgd	214	6.5
R_PA1EeRUe6I55jgd_4	R_PA1EeRUe6I55jgd	328	6.5
R_PA1EeRUe6I55jgd_5	R_PA1EeRUe6I55jgd	410	6.5
R_3M41N1kfkXmVM41_1	R_3M41N1kfkXmVM41	54	6.2
R_3M41N1kfkXmVM41_2	R_3M41N1kfkXmVM41	144	6.5
R_3M41N1kfkXmVM41_3	R_3M41N1kfkXmVM41	235	4.5
R_3M41N1kfkXmVM41_4	R_3M41N1kfkXmVM41	261	6.5
R_3M41N1kfkXmVM41_5	R_3M41N1kfkXmVM41	400	6.2
R_3nIBkYebSUyUro6_1	R_3nIBkYebSUyUro6	67	6.9
R_3nIBkYebSUyUro6_2	R_3nIBkYebSUyUro6	126	6.5
R_3nIBkYebSUyUro6_3	R_3nIBkYebSUyUro6	210	3.2
R_3nIBkYebSUyUro6_4	R_3nIBkYebSUyUro6	265	4.2
R_3nIBkYebSUyUro6_5	R_3nIBkYebSUyUro6	371	6.5
R_24ja62GKQkLuSNX_1	R_24ja62GKQkLuSNX	75	6.9
R_24ja62GKQkLuSNX_2	R_24ja62GKQkLuSNX	93	6.5
R_24ja62GKQkLuSNX_3	R_24ja62GKQkLuSNX	231	3.2
R_24ja62GKQkLuSNX_4	R_24ja62GKQkLuSNX	272	6.2
R_24ja62GKQkLuSNX_5	R_24ja62GKQkLuSNX	359	4.2
R_xyg9o2AhhGJI11L_1	R_xyg9o2AhhGJI11L	7	6.5
R_xyg9o2AhhGJI11L_2	R_xyg9o2AhhGJI11L	85	3.2
R_xyg9o2AhhGJI11L_3	R_xyg9o2AhhGJI11L	180	6.2
R_xyg9o2AhhGJI11L_4	R_xyg9o2AhhGJI11L	332	4.2
R_xyg9o2AhhGJI11L_5	R_xyg9o2AhhGJI11L	357	1.2
R_1LpYwTsnVTmzc7J_1	R_1LpYwTsnVTmzc7J	55	3.2
R_1LpYwTsnVTmzc7J_2	R_1LpYwTsnVTmzc7J	139	4.2
R_1LpYwTsnVTmzc7J_3	R_1LpYwTsnVTmzc7J	179	1.2
R_1LpYwTsnVTmzc7J_4	R_1LpYwTsnVTmzc7J	324	1.2
R_1LpYwTsnVTmzc7J_5	R_1LpYwTsnVTmzc7J	389	3.2
R_1Cf5NtaZbCAGR7n_1	R_1Cf5NtaZbCAGR7n	32	3.2
R_1Cf5NtaZbCAGR7n_2	R_1Cf5NtaZbCAGR7n	131	1.2
R_1Cf5NtaZbCAGR7n_3	R_1Cf5NtaZbCAGR7n	201	1
R_1Cf5NtaZbCAGR7n_4	R_1Cf5NtaZbCAGR7n	271	1
R_1Cf5NtaZbCAGR7n_5	R_1Cf5NtaZbCAGR7n	394	3.2
R_272LHt5PRLHFyfn_1	R_272LHt5PRLHFyfn	50	1.2
R_272LHt5PRLHFyfn_2	R_272LHt5PRLHFyfn	119	3.2
R_272LHt5PRLHFyfn_3	R_272LHt5PRLHFyfn	190	1.2
R_272LHt5PRLHFyfn_4	R_272LHt5PRLHFyfn	256	1.2
R_272LHt5PRLHFyfn_5	R_272LHt5PRLHFyfn	382	1.2
R_2435eQ6SMKSjNdr_1	R_2435eQ6SMKSjNdr	6	1.5
R_2435eQ6SMKSjNdr_2	R_2435eQ6SMKSjNdr	103	3.4
R_2435eQ6SMKSjNdr_3	R_2435eQ6SMKSjNdr	212	1.2
R_2435eQ6SMKSjNdr_4	R_2435eQ6SMKSjNdr	255	4.2
R_2435eQ6SMKSjNdr_5	R_2435eQ6SMKSjNdr	417	3.2
R_8hNO9MPyID3p1EB_1	R_8hNO9MPyID3p1EB	22	6.2
R_8hNO9MPyID3p1EB_2	R_8hNO9MPyID3p1EB	110	6.5
R_8hNO9MPyID3p1EB_3	R_8hNO9MPyID3p1EB	178	3.2
R_8hNO9MPyID3p1EB_4	R_8hNO9MPyID3p1EB	330	3.2
R_8hNO9MPyID3p1EB_5	R_8hNO9MPyID3p1EB	384	1.2
R_1GTTZIslL1qczgw_1	R_1GTTZIslL1qczgw	13	6.5
R_1GTTZIslL1qczgw_2	R_1GTTZIslL1qczgw	131	6.5
R_1GTTZIslL1qczgw_3	R_1GTTZIslL1qczgw	247	6.5
R_1GTTZIslL1qczgw_4	R_1GTTZIslL1qczgw	317	6.2
R_1GTTZIslL1qczgw_5	R_1GTTZIslL1qczgw	341	6.2
R_OEkMJOq2pjKrdhD_1	R_OEkMJOq2pjKrdhD	22	4.2
R_OEkMJOq2pjKrdhD_2	R_OEkMJOq2pjKrdhD	149	6.5
R_OEkMJOq2pjKrdhD_3	R_OEkMJOq2pjKrdhD	189	4.2
R_OEkMJOq2pjKrdhD_4	R_OEkMJOq2pjKrdhD	315	3.2
R_OEkMJOq2pjKrdhD_5	R_OEkMJOq2pjKrdhD	340	3.2
R_1Iu8tApfebA0WZs_1	R_1Iu8tApfebA0WZs	18	6.2
R_1Iu8tApfebA0WZs_2	R_1Iu8tApfebA0WZs	158	6.9
R_1Iu8tApfebA0WZs_3	R_1Iu8tApfebA0WZs	188	3.2
R_1Iu8tApfebA0WZs_4	R_1Iu8tApfebA0WZs	333	4.2
R_1Iu8tApfebA0WZs_5	R_1Iu8tApfebA0WZs	338	6.2
R_1KpYeoDEDFfiXKm_1	R_1KpYeoDEDFfiXKm	5	6.2
R_1KpYeoDEDFfiXKm_2	R_1KpYeoDEDFfiXKm	134	6.5
R_1KpYeoDEDFfiXKm_3	R_1KpYeoDEDFfiXKm	204	6.5
R_1KpYeoDEDFfiXKm_4	R_1KpYeoDEDFfiXKm	330	6.5
R_1KpYeoDEDFfiXKm_5	R_1KpYeoDEDFfiXKm	356	6.2
R_1pVzLvHEgb6ay4E_1	R_1pVzLvHEgb6ay4E	39	6.5
R_1pVzLvHEgb6ay4E_2	R_1pVzLvHEgb6ay4E	104	6.2
R_1pVzLvHEgb6ay4E_3	R_1pVzLvHEgb6ay4E	184	3.2
R_1pVzLvHEgb6ay4E_4	R_1pVzLvHEgb6ay4E	274	6.5
R_1pVzLvHEgb6ay4E_5	R_1pVzLvHEgb6ay4E	363	6.2
R_cTvuPpKaq48etR7_1	R_cTvuPpKaq48etR7	80	6.5
R_cTvuPpKaq48etR7_2	R_cTvuPpKaq48etR7	153	6.2
R_cTvuPpKaq48etR7_3	R_cTvuPpKaq48etR7	208	6.2
R_cTvuPpKaq48etR7_4	R_cTvuPpKaq48etR7	290	3.2
R_cTvuPpKaq48etR7_5	R_cTvuPpKaq48etR7	411	4.2
R_encryCgu3aiu42B_1	R_encryCgu3aiu42B	33	4.2
R_encryCgu3aiu42B_2	R_encryCgu3aiu42B	166	1.2
R_encryCgu3aiu42B_3	R_encryCgu3aiu42B	207	6.2
R_encryCgu3aiu42B_4	R_encryCgu3aiu42B	281	6.2
R_encryCgu3aiu42B_5	R_encryCgu3aiu42B	365	3.2
R_7U7FFWQCscpE2qZ_1	R_7U7FFWQCscpE2qZ	9	6.9
R_7U7FFWQCscpE2qZ_2	R_7U7FFWQCscpE2qZ	130	1
R_7U7FFWQCscpE2qZ_3	R_7U7FFWQCscpE2qZ	220	1.5
R_7U7FFWQCscpE2qZ_4	R_7U7FFWQCscpE2qZ	303	6.9
R_7U7FFWQCscpE2qZ_5	R_7U7FFWQCscpE2qZ	339	6.9
R_1FErSffLw1OgI7v_1	R_1FErSffLw1OgI7v	15	6.5
R_1FErSffLw1OgI7v_2	R_1FErSffLw1OgI7v	106	3.2
R_1FErSffLw1OgI7v_3	R_1FErSffLw1OgI7v	251	3.2
R_1FErSffLw1OgI7v_4	R_1FErSffLw1OgI7v	259	6.2
R_1FErSffLw1OgI7v_5	R_1FErSffLw1OgI7v	382	2.2
R_2ZHUXU5dQB2meI7_1	R_2ZHUXU5dQB2meI7	64	1
R_2ZHUXU5dQB2meI7_2	R_2ZHUXU5dQB2meI7	94	3.2
R_2ZHUXU5dQB2meI7_3	R_2ZHUXU5dQB2meI7	209	3.2
R_2ZHUXU5dQB2meI7_4	R_2ZHUXU5dQB2meI7	322	3.2
R_2ZHUXU5dQB2meI7_5	R_2ZHUXU5dQB2meI7	401	1.2
R_3j9u5KMZbQS89kp_1	R_3j9u5KMZbQS89kp	83	6.2
R_3j9u5KMZbQS89kp_2	R_3j9u5KMZbQS89kp	104	6.5
R_3j9u5KMZbQS89kp_3	R_3j9u5KMZbQS89kp	222	3.2
R_3j9u5KMZbQS89kp_4	R_3j9u5KMZbQS89kp	253	4.2
R_3j9u5KMZbQS89kp_5	R_3j9u5KMZbQS89kp	380	6.5
R_31FSDThjiQYih8p_1	R_31FSDThjiQYih8p	52	3.2
R_31FSDThjiQYih8p_2	R_31FSDThjiQYih8p	114	6.5
R_31FSDThjiQYih8p_3	R_31FSDThjiQYih8p	176	2.3
R_31FSDThjiQYih8p_4	R_31FSDThjiQYih8p	321	3.2
R_31FSDThjiQYih8p_5	R_31FSDThjiQYih8p	352	3.2
R_qDAtPrPbmjwczn3_1	R_qDAtPrPbmjwczn3	60	6.5
R_qDAtPrPbmjwczn3_2	R_qDAtPrPbmjwczn3	114	6.5
R_qDAtPrPbmjwczn3_3	R_qDAtPrPbmjwczn3	213	4.5
R_qDAtPrPbmjwczn3_4	R_qDAtPrPbmjwczn3	335	3.2
R_qDAtPrPbmjwczn3_5	R_qDAtPrPbmjwczn3	403	4.2
R_2xIXWgIt65WqCB5_1	R_2xIXWgIt65WqCB5	26	3.2
R_2xIXWgIt65WqCB5_2	R_2xIXWgIt65WqCB5	156	6.5
R_2xIXWgIt65WqCB5_3	R_2xIXWgIt65WqCB5	213	6.5
R_2xIXWgIt65WqCB5_4	R_2xIXWgIt65WqCB5	333	6.2
R_2xIXWgIt65WqCB5_5	R_2xIXWgIt65WqCB5	400	6.5
R_2aFv2RNZ0BvYjX3_1	R_2aFv2RNZ0BvYjX3	40	6.5
R_2aFv2RNZ0BvYjX3_2	R_2aFv2RNZ0BvYjX3	96	6.2
R_2aFv2RNZ0BvYjX3_3	R_2aFv2RNZ0BvYjX3	227	6.5
R_2aFv2RNZ0BvYjX3_4	R_2aFv2RNZ0BvYjX3	313	6.9
R_2aFv2RNZ0BvYjX3_5	R_2aFv2RNZ0BvYjX3	418	6.5
R_2wRcSx4k6wQw4jE_1	R_2wRcSx4k6wQw4jE	73	1
R_2wRcSx4k6wQw4jE_2	R_2wRcSx4k6wQw4jE	116	6.5
R_2wRcSx4k6wQw4jE_3	R_2wRcSx4k6wQw4jE	212	3.2
R_2wRcSx4k6wQw4jE_4	R_2wRcSx4k6wQw4jE	296	3.2
R_2wRcSx4k6wQw4jE_5	R_2wRcSx4k6wQw4jE	385	6.2
R_3JhpdFn06BA1uDA_1	R_3JhpdFn06BA1uDA	20	1
R_3JhpdFn06BA1uDA_2	R_3JhpdFn06BA1uDA	105	3.2
R_3JhpdFn06BA1uDA_3	R_3JhpdFn06BA1uDA	229	1.2
R_3JhpdFn06BA1uDA_4	R_3JhpdFn06BA1uDA	257	1.2
R_3JhpdFn06BA1uDA_5	R_3JhpdFn06BA1uDA	339	3.2
R_XFFiAjw50WPIMPT_1	R_XFFiAjw50WPIMPT	36	1.2
R_XFFiAjw50WPIMPT_2	R_XFFiAjw50WPIMPT	126	3.2
R_XFFiAjw50WPIMPT_3	R_XFFiAjw50WPIMPT	173	4.2
R_XFFiAjw50WPIMPT_4	R_XFFiAjw50WPIMPT	280	4.2
R_XFFiAjw50WPIMPT_5	R_XFFiAjw50WPIMPT	396	4.2
R_3Hz9m3bA6uWT3YI_1	R_3Hz9m3bA6uWT3YI	34	6.5
R_3Hz9m3bA6uWT3YI_2	R_3Hz9m3bA6uWT3YI	154	4.5
R_3Hz9m3bA6uWT3YI_3	R_3Hz9m3bA6uWT3YI	189	3.2
R_3Hz9m3bA6uWT3YI_4	R_3Hz9m3bA6uWT3YI	325	6.2
R_3Hz9m3bA6uWT3YI_5	R_3Hz9m3bA6uWT3YI	360	3.2
R_2R30hNw7kAaj5ZY_1	R_2R30hNw7kAaj5ZY	71	3.2
R_2R30hNw7kAaj5ZY_2	R_2R30hNw7kAaj5ZY	136	6.5
R_2R30hNw7kAaj5ZY_3	R_2R30hNw7kAaj5ZY	248	1.2
R_2R30hNw7kAaj5ZY_4	R_2R30hNw7kAaj5ZY	335	1.5
R_2R30hNw7kAaj5ZY_5	R_2R30hNw7kAaj5ZY	344	6.5
R_8iFRzE3hiPeRS6Z_1	R_8iFRzE3hiPeRS6Z	75	6.5
R_8iFRzE3hiPeRS6Z_2	R_8iFRzE3hiPeRS6Z	125	6.5
R_8iFRzE3hiPeRS6Z_3	R_8iFRzE3hiPeRS6Z	209	4.2
R_8iFRzE3hiPeRS6Z_4	R_8iFRzE3hiPeRS6Z	258	6.5
R_8iFRzE3hiPeRS6Z_5	R_8iFRzE3hiPeRS6Z	358	6.5
R_br8o4mncnku8Rnr_1	R_br8o4mncnku8Rnr	39	6.5
R_br8o4mncnku8Rnr_2	R_br8o4mncnku8Rnr	143	6.5
R_br8o4mncnku8Rnr_3	R_br8o4mncnku8Rnr	171	6.5
R_br8o4mncnku8Rnr_4	R_br8o4mncnku8Rnr	289	6.5
R_br8o4mncnku8Rnr_5	R_br8o4mncnku8Rnr	350	4.2
R_3g5YX0YfRdSSVHx_1	R_3g5YX0YfRdSSVHx	2	6.5
R_3g5YX0YfRdSSVHx_2	R_3g5YX0YfRdSSVHx	91	6.9
R_3g5YX0YfRdSSVHx_3	R_3g5YX0YfRdSSVHx	179	4.2
R_3g5YX0YfRdSSVHx_4	R_3g5YX0YfRdSSVHx	266	3.2
R_3g5YX0YfRdSSVHx_5	R_3g5YX0YfRdSSVHx	410	6.5
R_3pmv2YByMN0V6jP_1	R_3pmv2YByMN0V6jP	44	3.2
R_3pmv2YByMN0V6jP_2	R_3pmv2YByMN0V6jP	128	1.2
R_3pmv2YByMN0V6jP_3	R_3pmv2YByMN0V6jP	231	3.2
R_3pmv2YByMN0V6jP_4	R_3pmv2YByMN0V6jP	329	3.2
R_3pmv2YByMN0V6jP_5	R_3pmv2YByMN0V6jP	417	6.2
R_ByUtkzYYw2pDNqV_1	R_ByUtkzYYw2pDNqV	79	1.2
R_ByUtkzYYw2pDNqV_2	R_ByUtkzYYw2pDNqV	167	6.5
R_ByUtkzYYw2pDNqV_3	R_ByUtkzYYw2pDNqV	240	6.5
R_ByUtkzYYw2pDNqV_4	R_ByUtkzYYw2pDNqV	306	4.2
R_ByUtkzYYw2pDNqV_5	R_ByUtkzYYw2pDNqV	360	1.2
R_RCzSbVUDAxwLopb_1	R_RCzSbVUDAxwLopb	61	3.2
R_RCzSbVUDAxwLopb_2	R_RCzSbVUDAxwLopb	138	6.2
R_RCzSbVUDAxwLopb_3	R_RCzSbVUDAxwLopb	196	3.2
R_RCzSbVUDAxwLopb_4	R_RCzSbVUDAxwLopb	266	4.2
R_RCzSbVUDAxwLopb_5	R_RCzSbVUDAxwLopb	361	1.2
R_1NmgSsZxiJVkmXj_1	R_1NmgSsZxiJVkmXj	70	6.5
R_1NmgSsZxiJVkmXj_2	R_1NmgSsZxiJVkmXj	95	1.2
R_1NmgSsZxiJVkmXj_3	R_1NmgSsZxiJVkmXj	169	6.5
R_1NmgSsZxiJVkmXj_4	R_1NmgSsZxiJVkmXj	295	4.2
R_1NmgSsZxiJVkmXj_5	R_1NmgSsZxiJVkmXj	349	2.3
R_3RxS7cf9gInidpl_1	R_3RxS7cf9gInidpl	78	6.2
R_3RxS7cf9gInidpl_2	R_3RxS7cf9gInidpl	154	1.2
R_3RxS7cf9gInidpl_3	R_3RxS7cf9gInidpl	181	6.5
R_3RxS7cf9gInidpl_4	R_3RxS7cf9gInidpl	334	6.2
R_3RxS7cf9gInidpl_5	R_3RxS7cf9gInidpl	375	1
R_DqqsjbW8YKGGs9P_1	R_DqqsjbW8YKGGs9P	84	6.2
R_DqqsjbW8YKGGs9P_2	R_DqqsjbW8YKGGs9P	162	3.2
R_DqqsjbW8YKGGs9P_3	R_DqqsjbW8YKGGs9P	241	4.2
R_DqqsjbW8YKGGs9P_4	R_DqqsjbW8YKGGs9P	275	1.2
R_DqqsjbW8YKGGs9P_5	R_DqqsjbW8YKGGs9P	363	6.5
R_5BjrkiX7wiiuXFn_1	R_5BjrkiX7wiiuXFn	18	6.5
R_5BjrkiX7wiiuXFn_2	R_5BjrkiX7wiiuXFn	121	1.2
R_5BjrkiX7wiiuXFn_3	R_5BjrkiX7wiiuXFn	170	4.2
R_5BjrkiX7wiiuXFn_4	R_5BjrkiX7wiiuXFn	298	6.2
R_5BjrkiX7wiiuXFn_5	R_5BjrkiX7wiiuXFn	397	6.2
R_22Pw5eZwHTEvBrR_1	R_22Pw5eZwHTEvBrR	39	6.5
R_22Pw5eZwHTEvBrR_2	R_22Pw5eZwHTEvBrR	122	3.2
R_22Pw5eZwHTEvBrR_3	R_22Pw5eZwHTEvBrR	207	1.2
R_22Pw5eZwHTEvBrR_4	R_22Pw5eZwHTEvBrR	322	1
R_22Pw5eZwHTEvBrR_5	R_22Pw5eZwHTEvBrR	372	3.2
R_1hXwedaK7Yvdoyd_1	R_1hXwedaK7Yvdoyd	64	6.2
R_1hXwedaK7Yvdoyd_2	R_1hXwedaK7Yvdoyd	85	4.2
R_1hXwedaK7Yvdoyd_3	R_1hXwedaK7Yvdoyd	184	6.2
R_1hXwedaK7Yvdoyd_4	R_1hXwedaK7Yvdoyd	259	4.2
R_1hXwedaK7Yvdoyd_5	R_1hXwedaK7Yvdoyd	356	3.2
R_d68YNA5f4FYJPbP_1	R_d68YNA5f4FYJPbP	25	4.2
R_d68YNA5f4FYJPbP_2	R_d68YNA5f4FYJPbP	167	6.5
R_d68YNA5f4FYJPbP_3	R_d68YNA5f4FYJPbP	194	6.5
R_d68YNA5f4FYJPbP_4	R_d68YNA5f4FYJPbP	288	4.2
R_d68YNA5f4FYJPbP_5	R_d68YNA5f4FYJPbP	409	6.5
R_295lUkcezeWx5Al_1	R_295lUkcezeWx5Al	35	6.9
R_295lUkcezeWx5Al_2	R_295lUkcezeWx5Al	90	6.5
R_295lUkcezeWx5Al_3	R_295lUkcezeWx5Al	174	6.5
R_295lUkcezeWx5Al_4	R_295lUkcezeWx5Al	278	3.2
R_295lUkcezeWx5Al_5	R_295lUkcezeWx5Al	351	3.2
R_O8rkxaPvmC2DHTX_1	R_O8rkxaPvmC2DHTX	17	6.2
R_O8rkxaPvmC2DHTX_2	R_O8rkxaPvmC2DHTX	156	6.2
R_O8rkxaPvmC2DHTX_3	R_O8rkxaPvmC2DHTX	172	4.2
R_O8rkxaPvmC2DHTX_4	R_O8rkxaPvmC2DHTX	253	6.2
R_O8rkxaPvmC2DHTX_5	R_O8rkxaPvmC2DHTX	376	4.2
R_1mrbh8yc48w0boX_1	R_1mrbh8yc48w0boX	28	6.2
R_1mrbh8yc48w0boX_2	R_1mrbh8yc48w0boX	130	4.2
R_1mrbh8yc48w0boX_3	R_1mrbh8yc48w0boX	202	4.2
R_1mrbh8yc48w0boX_4	R_1mrbh8yc48w0boX	299	6.2
R_1mrbh8yc48w0boX_5	R_1mrbh8yc48w0boX	368	6.2
R_oZxXqm2az3FHVN7_1	R_oZxXqm2az3FHVN7	46	4.5
R_oZxXqm2az3FHVN7_2	R_oZxXqm2az3FHVN7	93	6.2
R_oZxXqm2az3FHVN7_3	R_oZxXqm2az3FHVN7	247	6.2
R_oZxXqm2az3FHVN7_4	R_oZxXqm2az3FHVN7	282	6.2
R_oZxXqm2az3FHVN7_5	R_oZxXqm2az3FHVN7	359	6.2
R_wStJlCceK0qC4i5_1	R_wStJlCceK0qC4i5	59	6.2
R_wStJlCceK0qC4i5_2	R_wStJlCceK0qC4i5	123	6.5
R_wStJlCceK0qC4i5_3	R_wStJlCceK0qC4i5	236	3.2
R_wStJlCceK0qC4i5_4	R_wStJlCceK0qC4i5	302	6.2
R_wStJlCceK0qC4i5_5	R_wStJlCceK0qC4i5	340	3.2
R_1C9o9rzcu8JVCn9_1	R_1C9o9rzcu8JVCn9	19	6.5
R_1C9o9rzcu8JVCn9_2	R_1C9o9rzcu8JVCn9	137	6.5
R_1C9o9rzcu8JVCn9_3	R_1C9o9rzcu8JVCn9	174	6.9
R_1C9o9rzcu8JVCn9_4	R_1C9o9rzcu8JVCn9	326	6.2
R_1C9o9rzcu8JVCn9_5	R_1C9o9rzcu8JVCn9	393	1.2
R_2mFoZbtsm7BEJ45_1	R_2mFoZbtsm7BEJ45	56	6.5
R_2mFoZbtsm7BEJ45_2	R_2mFoZbtsm7BEJ45	86	6.2
R_2mFoZbtsm7BEJ45_3	R_2mFoZbtsm7BEJ45	225	4.2
R_2mFoZbtsm7BEJ45_4	R_2mFoZbtsm7BEJ45	290	4.2
R_2mFoZbtsm7BEJ45_5	R_2mFoZbtsm7BEJ45	405	6.2
R_6S8yzbSVDy85saJ_1	R_6S8yzbSVDy85saJ	49	3.2
R_6S8yzbSVDy85saJ_2	R_6S8yzbSVDy85saJ	138	6.5
R_6S8yzbSVDy85saJ_3	R_6S8yzbSVDy85saJ	195	1.5
R_6S8yzbSVDy85saJ_4	R_6S8yzbSVDy85saJ	302	1.2
R_6S8yzbSVDy85saJ_5	R_6S8yzbSVDy85saJ	379	4.2
R_3F2IgdLQxHPguO2_1	R_3F2IgdLQxHPguO2	68	6.5
R_3F2IgdLQxHPguO2_2	R_3F2IgdLQxHPguO2	139	6.2
R_3F2IgdLQxHPguO2_3	R_3F2IgdLQxHPguO2	231	4.2
R_3F2IgdLQxHPguO2_4	R_3F2IgdLQxHPguO2	281	6.2
R_3F2IgdLQxHPguO2_5	R_3F2IgdLQxHPguO2	418	4.2
R_2Qya6z7Tq9vKDU6_1	R_2Qya6z7Tq9vKDU6	78	6.5
R_2Qya6z7Tq9vKDU6_2	R_2Qya6z7Tq9vKDU6	115	3.2
R_2Qya6z7Tq9vKDU6_3	R_2Qya6z7Tq9vKDU6	234	6.5
R_2Qya6z7Tq9vKDU6_4	R_2Qya6z7Tq9vKDU6	327	6.5
R_2Qya6z7Tq9vKDU6_5	R_2Qya6z7Tq9vKDU6	365	6.5
R_2xJcBbmJq6tC50y_1	R_2xJcBbmJq6tC50y	25	1.2
R_2xJcBbmJq6tC50y_2	R_2xJcBbmJq6tC50y	123	1.2
R_2xJcBbmJq6tC50y_3	R_2xJcBbmJq6tC50y	178	3.2
R_2xJcBbmJq6tC50y_4	R_2xJcBbmJq6tC50y	297	6.5
R_2xJcBbmJq6tC50y_5	R_2xJcBbmJq6tC50y	399	6.2
R_3rPu02mAYdW61Xg_1	R_3rPu02mAYdW61Xg	27	6.5
R_3rPu02mAYdW61Xg_2	R_3rPu02mAYdW61Xg	132	3.2
R_3rPu02mAYdW61Xg_3	R_3rPu02mAYdW61Xg	183	1.2
R_3rPu02mAYdW61Xg_4	R_3rPu02mAYdW61Xg	320	4.2
R_3rPu02mAYdW61Xg_5	R_3rPu02mAYdW61Xg	346	3.2
R_088bdUkTs4jYl7b_1	R_088bdUkTs4jYl7b	72	6.5
R_088bdUkTs4jYl7b_2	R_088bdUkTs4jYl7b	149	1.2
R_088bdUkTs4jYl7b_3	R_088bdUkTs4jYl7b	219	3.2
R_088bdUkTs4jYl7b_4	R_088bdUkTs4jYl7b	328	2.3
R_088bdUkTs4jYl7b_5	R_088bdUkTs4jYl7b	364	1.2
R_23TqiBuGghsQ9E8_1	R_23TqiBuGghsQ9E8	8	1.2
R_23TqiBuGghsQ9E8_2	R_23TqiBuGghsQ9E8	158	1.2
R_23TqiBuGghsQ9E8_3	R_23TqiBuGghsQ9E8	191	1.2
R_23TqiBuGghsQ9E8_4	R_23TqiBuGghsQ9E8	267	1.2
R_23TqiBuGghsQ9E8_5	R_23TqiBuGghsQ9E8	394	1
R_1LNJZAfnVTV5mcq_1	R_1LNJZAfnVTV5mcq	82	1.5
R_1LNJZAfnVTV5mcq_2	R_1LNJZAfnVTV5mcq	127	6.2
R_1LNJZAfnVTV5mcq_3	R_1LNJZAfnVTV5mcq	215	6.2
R_1LNJZAfnVTV5mcq_4	R_1LNJZAfnVTV5mcq	318	6.5
R_1LNJZAfnVTV5mcq_5	R_1LNJZAfnVTV5mcq	392	6.5
R_2EougSpp1xd4X4Z_1	R_2EougSpp1xd4X4Z	28	6.5
R_2EougSpp1xd4X4Z_2	R_2EougSpp1xd4X4Z	111	3.2
R_2EougSpp1xd4X4Z_3	R_2EougSpp1xd4X4Z	199	6.2
R_2EougSpp1xd4X4Z_4	R_2EougSpp1xd4X4Z	314	6.5
R_2EougSpp1xd4X4Z_5	R_2EougSpp1xd4X4Z	353	6.2
R_3r1FJDOS5LugQMf_1	R_3r1FJDOS5LugQMf	41	6.2
R_3r1FJDOS5LugQMf_2	R_3r1FJDOS5LugQMf	120	3.2
R_3r1FJDOS5LugQMf_3	R_3r1FJDOS5LugQMf	208	6.5
R_3r1FJDOS5LugQMf_4	R_3r1FJDOS5LugQMf	270	6.5
R_3r1FJDOS5LugQMf_5	R_3r1FJDOS5LugQMf	408	1.2
R_3fPgKb8r8QTHYUz_1	R_3fPgKb8r8QTHYUz	37	6.5
R_3fPgKb8r8QTHYUz_2	R_3fPgKb8r8QTHYUz	133	6.2
R_3fPgKb8r8QTHYUz_3	R_3fPgKb8r8QTHYUz	243	3.2
R_3fPgKb8r8QTHYUz_4	R_3fPgKb8r8QTHYUz	291	3.2
R_3fPgKb8r8QTHYUz_5	R_3fPgKb8r8QTHYUz	404	3.2
R_1Ca4HzZe2UzxzWV_1	R_1Ca4HzZe2UzxzWV	84	6.5
R_1Ca4HzZe2UzxzWV_2	R_1Ca4HzZe2UzxzWV	98	6.5
R_1Ca4HzZe2UzxzWV_3	R_1Ca4HzZe2UzxzWV	242	1.2
R_1Ca4HzZe2UzxzWV_4	R_1Ca4HzZe2UzxzWV	304	6.2
R_1Ca4HzZe2UzxzWV_5	R_1Ca4HzZe2UzxzWV	357	3.2
R_rkmmkrMQ9Yb6LPb_1	R_rkmmkrMQ9Yb6LPb	70	6.2
R_rkmmkrMQ9Yb6LPb_2	R_rkmmkrMQ9Yb6LPb	140	6.2
R_rkmmkrMQ9Yb6LPb_3	R_rkmmkrMQ9Yb6LPb	205	3.2
R_rkmmkrMQ9Yb6LPb_4	R_rkmmkrMQ9Yb6LPb	307	3.2
R_rkmmkrMQ9Yb6LPb_5	R_rkmmkrMQ9Yb6LPb	389	3.2
R_2AShlPLXEZW4TNc_1	R_2AShlPLXEZW4TNc	37	6.2
R_2AShlPLXEZW4TNc_2	R_2AShlPLXEZW4TNc	161	6.2
R_2AShlPLXEZW4TNc_3	R_2AShlPLXEZW4TNc	221	3.2
R_2AShlPLXEZW4TNc_4	R_2AShlPLXEZW4TNc	332	4.2
R_2AShlPLXEZW4TNc_5	R_2AShlPLXEZW4TNc	343	3.2
R_2c5UkddgXqWcNqs_1	R_2c5UkddgXqWcNqs	26	3.2
R_2c5UkddgXqWcNqs_2	R_2c5UkddgXqWcNqs	113	3.2
R_2c5UkddgXqWcNqs_3	R_2c5UkddgXqWcNqs	186	6.2
R_2c5UkddgXqWcNqs_4	R_2c5UkddgXqWcNqs	319	4.5
R_2c5UkddgXqWcNqs_5	R_2c5UkddgXqWcNqs	380	6.5
R_28P2gI0KQDuyKDS_1	R_28P2gI0KQDuyKDS	59	6.5
R_28P2gI0KQDuyKDS_2	R_28P2gI0KQDuyKDS	97	1.2
R_28P2gI0KQDuyKDS_3	R_28P2gI0KQDuyKDS	198	6.2
R_28P2gI0KQDuyKDS_4	R_28P2gI0KQDuyKDS	301	3.2
R_28P2gI0KQDuyKDS_5	R_28P2gI0KQDuyKDS	348	4.2
R_25XQUsv31bkrqNw_1	R_25XQUsv31bkrqNw	41	6.5
R_25XQUsv31bkrqNw_2	R_25XQUsv31bkrqNw	134	4.2
R_25XQUsv31bkrqNw_3	R_25XQUsv31bkrqNw	224	4.2
R_25XQUsv31bkrqNw_4	R_25XQUsv31bkrqNw	276	6.2
R_25XQUsv31bkrqNw_5	R_25XQUsv31bkrqNw	337	4.2
R_qQTyu2FiESbelr3_1	R_qQTyu2FiESbelr3	21	6.5
R_qQTyu2FiESbelr3_2	R_qQTyu2FiESbelr3	163	3.2
R_qQTyu2FiESbelr3_3	R_qQTyu2FiESbelr3	175	3.2
R_qQTyu2FiESbelr3_4	R_qQTyu2FiESbelr3	286	3.2
R_qQTyu2FiESbelr3_5	R_qQTyu2FiESbelr3	395	3.2
R_1eVIE8HYgaJnhyF_1	R_1eVIE8HYgaJnhyF	45	6.9
R_1eVIE8HYgaJnhyF_2	R_1eVIE8HYgaJnhyF	112	6.5
R_1eVIE8HYgaJnhyF_3	R_1eVIE8HYgaJnhyF	197	3.2
R_1eVIE8HYgaJnhyF_4	R_1eVIE8HYgaJnhyF	295	3.2
R_1eVIE8HYgaJnhyF_5	R_1eVIE8HYgaJnhyF	372	4.5
R_2dsfSJjPU4hq8IT_1	R_2dsfSJjPU4hq8IT	53	6.5
R_2dsfSJjPU4hq8IT_2	R_2dsfSJjPU4hq8IT	89	3.2
R_2dsfSJjPU4hq8IT_3	R_2dsfSJjPU4hq8IT	190	3.2
R_2dsfSJjPU4hq8IT_4	R_2dsfSJjPU4hq8IT	293	1
R_2dsfSJjPU4hq8IT_5	R_2dsfSJjPU4hq8IT	338	3.2
R_3HuhNUxFcsxCt8c_1	R_3HuhNUxFcsxCt8c	66	4.2
R_3HuhNUxFcsxCt8c_2	R_3HuhNUxFcsxCt8c	117	6.5
R_3HuhNUxFcsxCt8c_3	R_3HuhNUxFcsxCt8c	244	3.2
R_3HuhNUxFcsxCt8c_4	R_3HuhNUxFcsxCt8c	287	4.2
R_3HuhNUxFcsxCt8c_5	R_3HuhNUxFcsxCt8c	355	6.5
R_1IiWqrHtdyMRthf_1	R_1IiWqrHtdyMRthf	59	6.2
R_1IiWqrHtdyMRthf_2	R_1IiWqrHtdyMRthf	162	1.2
R_1IiWqrHtdyMRthf_3	R_1IiWqrHtdyMRthf	206	4.2
R_1IiWqrHtdyMRthf_4	R_1IiWqrHtdyMRthf	265	4.2
R_1IiWqrHtdyMRthf_5	R_1IiWqrHtdyMRthf	345	6.2
R_1DAmmWVuxekOzQt_1	R_1DAmmWVuxekOzQt	63	
R_1DAmmWVuxekOzQt_2	R_1DAmmWVuxekOzQt	120	6.5
R_1DAmmWVuxekOzQt_3	R_1DAmmWVuxekOzQt	204	3.2
R_1DAmmWVuxekOzQt_4	R_1DAmmWVuxekOzQt	300	6.2
R_1DAmmWVuxekOzQt_5	R_1DAmmWVuxekOzQt	406	6.2
R_2D1CnjTj1WSuPQk_1	R_2D1CnjTj1WSuPQk	32	1.5
R_2D1CnjTj1WSuPQk_2	R_2D1CnjTj1WSuPQk	86	1.2
R_2D1CnjTj1WSuPQk_3	R_2D1CnjTj1WSuPQk	187	1.5
R_2D1CnjTj1WSuPQk_4	R_2D1CnjTj1WSuPQk	271	3.2
R_2D1CnjTj1WSuPQk_5	R_2D1CnjTj1WSuPQk	412	3.2
R_3qjkVDIjECLKnKZ_1	R_3qjkVDIjECLKnKZ	57	6.5
R_3qjkVDIjECLKnKZ_2	R_3qjkVDIjECLKnKZ	101	6.5
R_3qjkVDIjECLKnKZ_3	R_3qjkVDIjECLKnKZ	229	6.2
R_3qjkVDIjECLKnKZ_4	R_3qjkVDIjECLKnKZ	311	4.2
R_3qjkVDIjECLKnKZ_5	R_3qjkVDIjECLKnKZ	368	3.2
R_oY0TBfB1OYyRdC1_1	R_oY0TBfB1OYyRdC1	13	6.2
R_oY0TBfB1OYyRdC1_2	R_oY0TBfB1OYyRdC1	135	6.2
R_oY0TBfB1OYyRdC1_3	R_oY0TBfB1OYyRdC1	211	3.2
R_oY0TBfB1OYyRdC1_4	R_oY0TBfB1OYyRdC1	255	1.2
R_oY0TBfB1OYyRdC1_5	R_oY0TBfB1OYyRdC1	366	1.2
R_3nPMcz25sBSaaD8_1	R_3nPMcz25sBSaaD8	12	1.2
R_3nPMcz25sBSaaD8_2	R_3nPMcz25sBSaaD8	147	6.2
R_3nPMcz25sBSaaD8_3	R_3nPMcz25sBSaaD8	245	6.2
R_3nPMcz25sBSaaD8_4	R_3nPMcz25sBSaaD8	316	3.2
R_3nPMcz25sBSaaD8_5	R_3nPMcz25sBSaaD8	398	4.2
R_1FKBh54yxO8fhfn_1	R_1FKBh54yxO8fhfn	38	6.5
R_1FKBh54yxO8fhfn_2	R_1FKBh54yxO8fhfn	105	6.2
R_1FKBh54yxO8fhfn_3	R_1FKBh54yxO8fhfn	182	6.5
R_1FKBh54yxO8fhfn_4	R_1FKBh54yxO8fhfn	292	6.2
R_1FKBh54yxO8fhfn_5	R_1FKBh54yxO8fhfn	377	4.2
R_2BeQ0Xfb14rm620_1	R_2BeQ0Xfb14rm620	10	4.2
R_2BeQ0Xfb14rm620_2	R_2BeQ0Xfb14rm620	123	6.5
R_2BeQ0Xfb14rm620_3	R_2BeQ0Xfb14rm620	193	4.2
R_2BeQ0Xfb14rm620_4	R_2BeQ0Xfb14rm620	262	6.2
R_2BeQ0Xfb14rm620_5	R_2BeQ0Xfb14rm620	386	6.5
R_3oTOlb2UT21kncA_1	R_3oTOlb2UT21kncA	19	6.2
R_3oTOlb2UT21kncA_2	R_3oTOlb2UT21kncA	126	6.2
R_3oTOlb2UT21kncA_3	R_3oTOlb2UT21kncA	214	4.2
R_3oTOlb2UT21kncA_4	R_3oTOlb2UT21kncA	253	4.2
R_3oTOlb2UT21kncA_5	R_3oTOlb2UT21kncA	347	6.2
R_2eRzho4SQ70Sz61_1	R_2eRzho4SQ70Sz61	41	1.2
R_2eRzho4SQ70Sz61_2	R_2eRzho4SQ70Sz61	124	6.2
R_2eRzho4SQ70Sz61_3	R_2eRzho4SQ70Sz61	246	3.2
R_2eRzho4SQ70Sz61_4	R_2eRzho4SQ70Sz61	256	3.2
R_2eRzho4SQ70Sz61_5	R_2eRzho4SQ70Sz61	402	1.2
R_C8FBs3jYmZwt09X_1	R_C8FBs3jYmZwt09X	69	3.2
R_C8FBs3jYmZwt09X_2	R_C8FBs3jYmZwt09X	149	6.5
R_C8FBs3jYmZwt09X_3	R_C8FBs3jYmZwt09X	243	6.2
R_C8FBs3jYmZwt09X_4	R_C8FBs3jYmZwt09X	309	6.2
R_C8FBs3jYmZwt09X_5	R_C8FBs3jYmZwt09X	384	3.2
R_2QLs7rEGYBVL6O7_1	R_2QLs7rEGYBVL6O7	66	6.5
R_2QLs7rEGYBVL6O7_2	R_2QLs7rEGYBVL6O7	118	6.5
R_2QLs7rEGYBVL6O7_3	R_2QLs7rEGYBVL6O7	216	3.5
R_2QLs7rEGYBVL6O7_4	R_2QLs7rEGYBVL6O7	273	6.5
R_2QLs7rEGYBVL6O7_5	R_2QLs7rEGYBVL6O7	370	6.5
R_11d2f4aGBETtClb_1	R_11d2f4aGBETtClb	51	1.5
R_11d2f4aGBETtClb_2	R_11d2f4aGBETtClb	168	6.5
R_11d2f4aGBETtClb_3	R_11d2f4aGBETtClb	194	6.5
R_11d2f4aGBETtClb_4	R_11d2f4aGBETtClb	254	3.2
R_11d2f4aGBETtClb_5	R_11d2f4aGBETtClb	342	3.2
R_3CJWhgP9ecOVgZL_1	R_3CJWhgP9ecOVgZL	8	6.5
R_3CJWhgP9ecOVgZL_2	R_3CJWhgP9ecOVgZL	157	6.5
R_3CJWhgP9ecOVgZL_3	R_3CJWhgP9ecOVgZL	180	2.3
R_3CJWhgP9ecOVgZL_4	R_3CJWhgP9ecOVgZL	324	4.2
R_3CJWhgP9ecOVgZL_5	R_3CJWhgP9ecOVgZL	371	6.5
R_1Dnw7B1oXpJ7OsA_1	R_1Dnw7B1oXpJ7OsA	74	6.5
R_1Dnw7B1oXpJ7OsA_2	R_1Dnw7B1oXpJ7OsA	89	6.5
R_1Dnw7B1oXpJ7OsA_3	R_1Dnw7B1oXpJ7OsA	230	6.2
R_1Dnw7B1oXpJ7OsA_4	R_1Dnw7B1oXpJ7OsA	331	6.5
R_1Dnw7B1oXpJ7OsA_5	R_1Dnw7B1oXpJ7OsA	416	3.2
R_PGMi0XWOtOpaa89_1	R_PGMi0XWOtOpaa89	34	6.2
R_PGMi0XWOtOpaa89_2	R_PGMi0XWOtOpaa89	165	6.2
R_PGMi0XWOtOpaa89_3	R_PGMi0XWOtOpaa89	185	6.2
R_PGMi0XWOtOpaa89_4	R_PGMi0XWOtOpaa89	310	6.2
R_PGMi0XWOtOpaa89_5	R_PGMi0XWOtOpaa89	383	6.2
R_2c5BkaXnplhofbP_1	R_2c5BkaXnplhofbP	44	6.5
R_2c5BkaXnplhofbP_2	R_2c5BkaXnplhofbP	105	4.2
R_2c5BkaXnplhofbP_3	R_2c5BkaXnplhofbP	188	1
R_2c5BkaXnplhofbP_4	R_2c5BkaXnplhofbP	279	3.5
R_2c5BkaXnplhofbP_5	R_2c5BkaXnplhofbP	413	6.5
R_2xJIlWl26lfyw8n_1	R_2xJIlWl26lfyw8n	31	6.9
R_2xJIlWl26lfyw8n_2	R_2xJIlWl26lfyw8n	92	6.9
R_2xJIlWl26lfyw8n_3	R_2xJIlWl26lfyw8n	238	4.2
R_2xJIlWl26lfyw8n_4	R_2xJIlWl26lfyw8n	268	3.2
R_2xJIlWl26lfyw8n_5	R_2xJIlWl26lfyw8n	387	6.5
R_Adi1QVd9hfOBDNf_1	R_Adi1QVd9hfOBDNf	7	6.2
R_Adi1QVd9hfOBDNf_2	R_Adi1QVd9hfOBDNf	98	3.2
R_Adi1QVd9hfOBDNf_3	R_Adi1QVd9hfOBDNf	210	3.2
R_Adi1QVd9hfOBDNf_4	R_Adi1QVd9hfOBDNf	305	6.5
R_Adi1QVd9hfOBDNf_5	R_Adi1QVd9hfOBDNf	354	4.2
R_1QLqFlZoaDOzfm7_1	R_1QLqFlZoaDOzfm7	11	6.5
R_1QLqFlZoaDOzfm7_2	R_1QLqFlZoaDOzfm7	109	6.5
R_1QLqFlZoaDOzfm7_3	R_1QLqFlZoaDOzfm7	246	6.5
R_1QLqFlZoaDOzfm7_4	R_1QLqFlZoaDOzfm7	292	3.2
R_1QLqFlZoaDOzfm7_5	R_1QLqFlZoaDOzfm7	356	3.2
R_2w04my9euSVvknm_1	R_2w04my9euSVvknm	11	1.2
R_2w04my9euSVvknm_2	R_2w04my9euSVvknm	125	6.2
R_2w04my9euSVvknm_3	R_2w04my9euSVvknm	177	4.2
R_2w04my9euSVvknm_4	R_2w04my9euSVvknm	308	3.2
R_2w04my9euSVvknm_5	R_2w04my9euSVvknm	373	3.2
R_23f3EJw0565sPzq_1	R_23f3EJw0565sPzq	78	3.2
R_23f3EJw0565sPzq_2	R_23f3EJw0565sPzq	107	1
R_23f3EJw0565sPzq_3	R_23f3EJw0565sPzq	177	1
R_23f3EJw0565sPzq_4	R_23f3EJw0565sPzq	331	3.2
R_23f3EJw0565sPzq_5	R_23f3EJw0565sPzq	348	4.2
R_WiLHtGk9n1H3i1z_1	R_WiLHtGk9n1H3i1z	5	1.2
R_WiLHtGk9n1H3i1z_2	R_WiLHtGk9n1H3i1z	95	4.2
R_WiLHtGk9n1H3i1z_3	R_WiLHtGk9n1H3i1z	252	3.2
R_WiLHtGk9n1H3i1z_4	R_WiLHtGk9n1H3i1z	272	6.5
R_WiLHtGk9n1H3i1z_5	R_WiLHtGk9n1H3i1z	414	6.5
R_0e3M54QcgpFMC3v_1	R_0e3M54QcgpFMC3v	41	3.2
R_0e3M54QcgpFMC3v_2	R_0e3M54QcgpFMC3v	91	3.2
R_0e3M54QcgpFMC3v_3	R_0e3M54QcgpFMC3v	239	4.2
R_0e3M54QcgpFMC3v_4	R_0e3M54QcgpFMC3v	280	3.2
R_0e3M54QcgpFMC3v_5	R_0e3M54QcgpFMC3v	381	4.2
R_2meG1rpRzuXw8tb_1	R_2meG1rpRzuXw8tb	13	6.9
R_2meG1rpRzuXw8tb_2	R_2meG1rpRzuXw8tb	147	6.2
R_2meG1rpRzuXw8tb_3	R_2meG1rpRzuXw8tb	217	6.2
R_2meG1rpRzuXw8tb_4	R_2meG1rpRzuXw8tb	263	4.5
R_2meG1rpRzuXw8tb_5	R_2meG1rpRzuXw8tb	401	6.5
R_3OpG184aKTO0EJq_1	R_3OpG184aKTO0EJq	49	6.5
R_3OpG184aKTO0EJq_2	R_3OpG184aKTO0EJq	132	6.5
R_3OpG184aKTO0EJq_3	R_3OpG184aKTO0EJq	202	6.5
R_3OpG184aKTO0EJq_4	R_3OpG184aKTO0EJq	325	6.5
R_3OpG184aKTO0EJq_5	R_3OpG184aKTO0EJq	374	6.2
R_Opxbk3pTYovG4lr_1	R_Opxbk3pTYovG4lr	25	6.5
R_Opxbk3pTYovG4lr_2	R_Opxbk3pTYovG4lr	121	6.5
R_Opxbk3pTYovG4lr_3	R_Opxbk3pTYovG4lr	226	6.2
R_Opxbk3pTYovG4lr_4	R_Opxbk3pTYovG4lr	323	6.2
R_Opxbk3pTYovG4lr_5	R_Opxbk3pTYovG4lr	367	6.5
R_8okZZbyblCqsFNv_1	R_8okZZbyblCqsFNv	50	4.2
R_8okZZbyblCqsFNv_2	R_8okZZbyblCqsFNv	157	3.2
R_8okZZbyblCqsFNv_3	R_8okZZbyblCqsFNv	208	6.2
R_8okZZbyblCqsFNv_4	R_8okZZbyblCqsFNv	298	6.2
R_8okZZbyblCqsFNv_5	R_8okZZbyblCqsFNv	367	6.2
R_26l2l9FSAQm96PJ_1	R_26l2l9FSAQm96PJ	5	6.2
R_26l2l9FSAQm96PJ_2	R_26l2l9FSAQm96PJ	144	1.2
R_26l2l9FSAQm96PJ_3	R_26l2l9FSAQm96PJ	251	1.2
R_26l2l9FSAQm96PJ_4	R_26l2l9FSAQm96PJ	270	6.2
R_26l2l9FSAQm96PJ_5	R_26l2l9FSAQm96PJ	339	6.2
R_2woWYw6rHTgQXfH_1	R_2woWYw6rHTgQXfH	45	6.5
R_2woWYw6rHTgQXfH_2	R_2woWYw6rHTgQXfH	108	6.2
R_2woWYw6rHTgQXfH_3	R_2woWYw6rHTgQXfH	228	6.2
R_2woWYw6rHTgQXfH_4	R_2woWYw6rHTgQXfH	319	6.2
R_2woWYw6rHTgQXfH_5	R_2woWYw6rHTgQXfH	394	6.5
R_3qmvHJGYLWOgccV_1	R_3qmvHJGYLWOgccV	16	4.2
R_3qmvHJGYLWOgccV_2	R_3qmvHJGYLWOgccV	93	3.2
R_3qmvHJGYLWOgccV_3	R_3qmvHJGYLWOgccV	229	4.2
R_3qmvHJGYLWOgccV_4	R_3qmvHJGYLWOgccV	333	4.2
R_3qmvHJGYLWOgccV_5	R_3qmvHJGYLWOgccV	395	6.2
R_ddqYcWLm4IGB1yF_1	R_ddqYcWLm4IGB1yF	57	6.5
R_ddqYcWLm4IGB1yF_2	R_ddqYcWLm4IGB1yF	151	4.2
R_ddqYcWLm4IGB1yF_3	R_ddqYcWLm4IGB1yF	230	6.5
R_ddqYcWLm4IGB1yF_4	R_ddqYcWLm4IGB1yF	283	4.2
R_ddqYcWLm4IGB1yF_5	R_ddqYcWLm4IGB1yF	397	6.5
R_NXWUciQSQ1AJ7PP_1	R_NXWUciQSQ1AJ7PP	1	6.2
R_NXWUciQSQ1AJ7PP_2	R_NXWUciQSQ1AJ7PP	151	3.2
R_NXWUciQSQ1AJ7PP_3	R_NXWUciQSQ1AJ7PP	227	1
R_NXWUciQSQ1AJ7PP_4	R_NXWUciQSQ1AJ7PP	320	1.2
R_NXWUciQSQ1AJ7PP_5	R_NXWUciQSQ1AJ7PP	412	6.2
R_3Q0qIgPdSarp08H_1	R_3Q0qIgPdSarp08H	46	1.2
R_3Q0qIgPdSarp08H_2	R_3Q0qIgPdSarp08H	152	3.2
R_3Q0qIgPdSarp08H_3	R_3Q0qIgPdSarp08H	192	1.2
R_3Q0qIgPdSarp08H_4	R_3Q0qIgPdSarp08H	284	6.2
R_3Q0qIgPdSarp08H_5	R_3Q0qIgPdSarp08H	403	1.2
R_24N2HpBUwNAIHqA_1	R_24N2HpBUwNAIHqA	58	6.5
R_24N2HpBUwNAIHqA_2	R_24N2HpBUwNAIHqA	131	6.2
R_24N2HpBUwNAIHqA_3	R_24N2HpBUwNAIHqA	172	6.2
R_24N2HpBUwNAIHqA_4	R_24N2HpBUwNAIHqA	300	3.2
R_24N2HpBUwNAIHqA_5	R_24N2HpBUwNAIHqA	375	6.2
R_1rftZXLZ8DysqyC_1	R_1rftZXLZ8DysqyC	50	3.4
R_1rftZXLZ8DysqyC_2	R_1rftZXLZ8DysqyC	87	4.5
R_1rftZXLZ8DysqyC_3	R_1rftZXLZ8DysqyC	187	1.2
R_1rftZXLZ8DysqyC_4	R_1rftZXLZ8DysqyC	264	3.2
R_1rftZXLZ8DysqyC_5	R_1rftZXLZ8DysqyC	415	4.2
R_3qDw2H978H7qwvX_1	R_3qDw2H978H7qwvX	69	6.2
R_3qDw2H978H7qwvX_2	R_3qDw2H978H7qwvX	160	6.5
R_3qDw2H978H7qwvX_3	R_3qDw2H978H7qwvX	171	3.2
R_3qDw2H978H7qwvX_4	R_3qDw2H978H7qwvX	326	3.2
R_3qDw2H978H7qwvX_5	R_3qDw2H978H7qwvX	381	6.2
R_3KDPGjpoRqJxdFY_1	R_3KDPGjpoRqJxdFY	38	6.2
R_3KDPGjpoRqJxdFY_2	R_3KDPGjpoRqJxdFY	86	3.2
R_3KDPGjpoRqJxdFY_3	R_3KDPGjpoRqJxdFY	190	4.2
R_3KDPGjpoRqJxdFY_4	R_3KDPGjpoRqJxdFY	288	4.2
R_3KDPGjpoRqJxdFY_5	R_3KDPGjpoRqJxdFY	400	6.2
R_3kbJ7y24dypCI9i_1	R_3kbJ7y24dypCI9i	35	6.2
R_3kbJ7y24dypCI9i_2	R_3kbJ7y24dypCI9i	118	6.5
R_3kbJ7y24dypCI9i_3	R_3kbJ7y24dypCI9i	197	1.5
R_3kbJ7y24dypCI9i_4	R_3kbJ7y24dypCI9i	277	6.5
R_3kbJ7y24dypCI9i_5	R_3kbJ7y24dypCI9i	391	4.2
R_2qxSe9C1FHoZe8D_1	R_2qxSe9C1FHoZe8D	15	3.2
R_2qxSe9C1FHoZe8D_2	R_2qxSe9C1FHoZe8D	164	6.2
R_2qxSe9C1FHoZe8D_3	R_2qxSe9C1FHoZe8D	186	6.5
R_2qxSe9C1FHoZe8D_4	R_2qxSe9C1FHoZe8D	335	3.2
R_2qxSe9C1FHoZe8D_5	R_2qxSe9C1FHoZe8D	378	6.2
R_2E6Gwqpb6jJ2vue_1	R_2E6Gwqpb6jJ2vue	62	6.5
R_2E6Gwqpb6jJ2vue_2	R_2E6Gwqpb6jJ2vue	143	4.2
R_2E6Gwqpb6jJ2vue_3	R_2E6Gwqpb6jJ2vue	223	6.9
R_2E6Gwqpb6jJ2vue_4	R_2E6Gwqpb6jJ2vue	327	6.2
R_2E6Gwqpb6jJ2vue_5	R_2E6Gwqpb6jJ2vue	342	6.5
R_1pERSTMtylH2tus_1	R_1pERSTMtylH2tus	54	4.2
R_1pERSTMtylH2tus_2	R_1pERSTMtylH2tus	159	4.2
R_1pERSTMtylH2tus_3	R_1pERSTMtylH2tus	183	1
R_1pERSTMtylH2tus_4	R_1pERSTMtylH2tus	312	4.2
R_1pERSTMtylH2tus_5	R_1pERSTMtylH2tus	352	6.5
R_z2Ua6AbIBF0WXh7_1	R_z2Ua6AbIBF0WXh7	65	3.5
R_z2Ua6AbIBF0WXh7_2	R_z2Ua6AbIBF0WXh7	164	3.2
R_z2Ua6AbIBF0WXh7_3	R_z2Ua6AbIBF0WXh7	232	6.2
R_z2Ua6AbIBF0WXh7_4	R_z2Ua6AbIBF0WXh7	274	6.5
R_z2Ua6AbIBF0WXh7_5	R_z2Ua6AbIBF0WXh7	341	6.2
R_2ASfOpichWeulMF_1	R_2ASfOpichWeulMF	67	6.5
R_2ASfOpichWeulMF_2	R_2ASfOpichWeulMF	145	3.5
R_2ASfOpichWeulMF_3	R_2ASfOpichWeulMF	173	4.2
R_2ASfOpichWeulMF_4	R_2ASfOpichWeulMF	287	3.2
R_2ASfOpichWeulMF_5	R_2ASfOpichWeulMF	398	4.2
R_2sRLJwbjtucdn9a_1	R_2sRLJwbjtucdn9a	53	6.2
R_2sRLJwbjtucdn9a_2	R_2sRLJwbjtucdn9a	113	4.2
R_2sRLJwbjtucdn9a_3	R_2sRLJwbjtucdn9a	207	6.5
R_2sRLJwbjtucdn9a_4	R_2sRLJwbjtucdn9a	323	4.2
R_2sRLJwbjtucdn9a_5	R_2sRLJwbjtucdn9a	418	3.2
R_ROAxUwdU6WcMHdf_1	R_ROAxUwdU6WcMHdf	45	6.5
R_ROAxUwdU6WcMHdf_2	R_ROAxUwdU6WcMHdf	110	6.5
R_ROAxUwdU6WcMHdf_3	R_ROAxUwdU6WcMHdf	206	1.2
R_ROAxUwdU6WcMHdf_4	R_ROAxUwdU6WcMHdf	302	1.2
R_ROAxUwdU6WcMHdf_5	R_ROAxUwdU6WcMHdf	389	4.2
R_27jqrVgI8TaD7ql_1	R_27jqrVgI8TaD7ql	40	1
R_27jqrVgI8TaD7ql_2	R_27jqrVgI8TaD7ql	108	6.5
R_27jqrVgI8TaD7ql_3	R_27jqrVgI8TaD7ql	237	6.2
R_27jqrVgI8TaD7ql_4	R_27jqrVgI8TaD7ql	313	6.2
R_27jqrVgI8TaD7ql_5	R_27jqrVgI8TaD7ql	388	6.2
R_2B8Px06tE3ZGxiX_1	R_2B8Px06tE3ZGxiX	15	4.2
R_2B8Px06tE3ZGxiX_2	R_2B8Px06tE3ZGxiX	102	6.2
R_2B8Px06tE3ZGxiX_3	R_2B8Px06tE3ZGxiX	193	3.2
R_2B8Px06tE3ZGxiX_4	R_2B8Px06tE3ZGxiX	277	6.2
R_2B8Px06tE3ZGxiX_5	R_2B8Px06tE3ZGxiX	377	3.2
R_2VqoEbnL1j6X9WU_1	R_2VqoEbnL1j6X9WU	26	3.2
R_2VqoEbnL1j6X9WU_2	R_2VqoEbnL1j6X9WU	100	6.2
R_2VqoEbnL1j6X9WU_3	R_2VqoEbnL1j6X9WU	200	2.3
R_2VqoEbnL1j6X9WU_4	R_2VqoEbnL1j6X9WU	278	3.2
R_2VqoEbnL1j6X9WU_5	R_2VqoEbnL1j6X9WU	417	3.2
R_6KDlV6s0WkskdJD_1	R_6KDlV6s0WkskdJD	48	6.9
R_6KDlV6s0WkskdJD_2	R_6KDlV6s0WkskdJD	85	3.2
R_6KDlV6s0WkskdJD_3	R_6KDlV6s0WkskdJD	204	4.2
R_6KDlV6s0WkskdJD_4	R_6KDlV6s0WkskdJD	305	6.5
R_6KDlV6s0WkskdJD_5	R_6KDlV6s0WkskdJD	404	3.2
R_1o0waJFYMzMZBib_1	R_1o0waJFYMzMZBib	68	6.2
R_1o0waJFYMzMZBib_2	R_1o0waJFYMzMZBib	168	6.5
R_1o0waJFYMzMZBib_3	R_1o0waJFYMzMZBib	241	3.2
R_1o0waJFYMzMZBib_4	R_1o0waJFYMzMZBib	322	3.2
R_1o0waJFYMzMZBib_5	R_1o0waJFYMzMZBib	415	6.5
R_Rlb9fYwRyXEbEB3_1	R_Rlb9fYwRyXEbEB3	4	3.2
R_Rlb9fYwRyXEbEB3_2	R_Rlb9fYwRyXEbEB3	154	4.2
R_Rlb9fYwRyXEbEB3_3	R_Rlb9fYwRyXEbEB3	178	4.2
R_Rlb9fYwRyXEbEB3_4	R_Rlb9fYwRyXEbEB3	271	6.2
R_Rlb9fYwRyXEbEB3_5	R_Rlb9fYwRyXEbEB3	387	3.2
R_1DZ3upqcIzFhtH3_1	R_1DZ3upqcIzFhtH3	81	1.2
R_1DZ3upqcIzFhtH3_2	R_1DZ3upqcIzFhtH3	152	3.2
R_1DZ3upqcIzFhtH3_3	R_1DZ3upqcIzFhtH3	245	3.2
R_1DZ3upqcIzFhtH3_4	R_1DZ3upqcIzFhtH3	295	6.2
R_1DZ3upqcIzFhtH3_5	R_1DZ3upqcIzFhtH3	346	3.2
R_3PiZqMijCPTLaGp_1	R_3PiZqMijCPTLaGp	44	3.2
R_3PiZqMijCPTLaGp_2	R_3PiZqMijCPTLaGp	134	6.2
R_3PiZqMijCPTLaGp_3	R_3PiZqMijCPTLaGp	233	6.5
R_3PiZqMijCPTLaGp_4	R_3PiZqMijCPTLaGp	290	3.2
R_3PiZqMijCPTLaGp_5	R_3PiZqMijCPTLaGp	391	4.2
R_ai7GEqMhZmqarrr_1	R_ai7GEqMhZmqarrr	80	6.2
R_ai7GEqMhZmqarrr_2	R_ai7GEqMhZmqarrr	145	4.2
R_ai7GEqMhZmqarrr_3	R_ai7GEqMhZmqarrr	223	4.2
R_ai7GEqMhZmqarrr_4	R_ai7GEqMhZmqarrr	269	3.2
R_ai7GEqMhZmqarrr_5	R_ai7GEqMhZmqarrr	341	6.2
R_2wRKPnAacnMnEsZ_1	R_2wRKPnAacnMnEsZ	21	4.2
R_2wRKPnAacnMnEsZ_2	R_2wRKPnAacnMnEsZ	142	6.2
R_2wRKPnAacnMnEsZ_3	R_2wRKPnAacnMnEsZ	236	6.2
R_2wRKPnAacnMnEsZ_4	R_2wRKPnAacnMnEsZ	255	6.2
R_2wRKPnAacnMnEsZ_5	R_2wRKPnAacnMnEsZ	386	6.9
R_3RaPLJIMEAo1uGn_1	R_3RaPLJIMEAo1uGn	52	6.5
R_3RaPLJIMEAo1uGn_2	R_3RaPLJIMEAo1uGn	90	6.5
R_3RaPLJIMEAo1uGn_3	R_3RaPLJIMEAo1uGn	237	6.5
R_3RaPLJIMEAo1uGn_4	R_3RaPLJIMEAo1uGn	317	3.2
R_3RaPLJIMEAo1uGn_5	R_3RaPLJIMEAo1uGn	345	6.2
R_1obbYGRWDvcuOsV_1	R_1obbYGRWDvcuOsV	57	6.2
R_1obbYGRWDvcuOsV_2	R_1obbYGRWDvcuOsV	141	6.2
R_1obbYGRWDvcuOsV_3	R_1obbYGRWDvcuOsV	185	4.2
R_1obbYGRWDvcuOsV_4	R_1obbYGRWDvcuOsV	261	6.5
R_1obbYGRWDvcuOsV_5	R_1obbYGRWDvcuOsV	360	4.2
R_1DYJigUvMXEDqIq_1	R_1DYJigUvMXEDqIq	1	3.2
R_1DYJigUvMXEDqIq_2	R_1DYJigUvMXEDqIq	127	6.5
R_1DYJigUvMXEDqIq_3	R_1DYJigUvMXEDqIq	179	1.2
R_1DYJigUvMXEDqIq_4	R_1DYJigUvMXEDqIq	269	3.2
R_1DYJigUvMXEDqIq_5	R_1DYJigUvMXEDqIq	365	4.2
R_qxegiSp0tG2ayxb_1	R_qxegiSp0tG2ayxb	31	6.5
R_qxegiSp0tG2ayxb_2	R_qxegiSp0tG2ayxb	107	6.2
R_qxegiSp0tG2ayxb_3	R_qxegiSp0tG2ayxb	233	7
R_qxegiSp0tG2ayxb_4	R_qxegiSp0tG2ayxb	285	6.5
R_qxegiSp0tG2ayxb_5	R_qxegiSp0tG2ayxb	405	3.2
R_2eUtceWIPn47x8l_1	R_2eUtceWIPn47x8l	7	6.9
R_2eUtceWIPn47x8l_2	R_2eUtceWIPn47x8l	116	6.5
R_2eUtceWIPn47x8l_3	R_2eUtceWIPn47x8l	196	1.2
R_2eUtceWIPn47x8l_4	R_2eUtceWIPn47x8l	285	6.5
R_2eUtceWIPn47x8l_5	R_2eUtceWIPn47x8l	349	6.5
R_2pVLOa7aDX0ZdAl_1	R_2pVLOa7aDX0ZdAl	13	6.5
R_2pVLOa7aDX0ZdAl_2	R_2pVLOa7aDX0ZdAl	114	6.5
R_2pVLOa7aDX0ZdAl_3	R_2pVLOa7aDX0ZdAl	203	4.2
R_2pVLOa7aDX0ZdAl_4	R_2pVLOa7aDX0ZdAl	260	4.2
R_2pVLOa7aDX0ZdAl_5	R_2pVLOa7aDX0ZdAl	373	3.2
R_b9PntTdyM0vgfbb_1	R_b9PntTdyM0vgfbb	39	6.2
R_b9PntTdyM0vgfbb_2	R_b9PntTdyM0vgfbb	163	6.5
R_b9PntTdyM0vgfbb_3	R_b9PntTdyM0vgfbb	200	6.5
R_b9PntTdyM0vgfbb_4	R_b9PntTdyM0vgfbb	274	6.5
R_b9PntTdyM0vgfbb_5	R_b9PntTdyM0vgfbb	358	4.2
R_1era9r7VbRpmxft_1	R_1era9r7VbRpmxft	10	3.2
R_1era9r7VbRpmxft_2	R_1era9r7VbRpmxft	151	6.5
R_1era9r7VbRpmxft_3	R_1era9r7VbRpmxft	188	6.2
R_1era9r7VbRpmxft_4	R_1era9r7VbRpmxft	258	6.5
R_1era9r7VbRpmxft_5	R_1era9r7VbRpmxft	353	4.2
R_C9sJlQRcb3HIxln_1	R_C9sJlQRcb3HIxln	15	7
R_C9sJlQRcb3HIxln_2	R_C9sJlQRcb3HIxln	132	6.5
R_C9sJlQRcb3HIxln_3	R_C9sJlQRcb3HIxln	205	6.5
R_C9sJlQRcb3HIxln_4	R_C9sJlQRcb3HIxln	304	4.5
R_C9sJlQRcb3HIxln_5	R_C9sJlQRcb3HIxln	343	1.5
R_2QtuGK8mFnoRDra_1	R_2QtuGK8mFnoRDra	81	6.2
R_2QtuGK8mFnoRDra_2	R_2QtuGK8mFnoRDra	106	3.2
R_2QtuGK8mFnoRDra_3	R_2QtuGK8mFnoRDra	225	6.5
R_2QtuGK8mFnoRDra_4	R_2QtuGK8mFnoRDra	332	4.2
R_2QtuGK8mFnoRDra_5	R_2QtuGK8mFnoRDra	409	4.2
R_1jiDZxx7qFmkgVt_1	R_1jiDZxx7qFmkgVt	17	6.5
R_1jiDZxx7qFmkgVt_2	R_1jiDZxx7qFmkgVt	96	4.2
R_1jiDZxx7qFmkgVt_3	R_1jiDZxx7qFmkgVt	235	6.5
R_1jiDZxx7qFmkgVt_4	R_1jiDZxx7qFmkgVt	273	6.5
R_1jiDZxx7qFmkgVt_5	R_1jiDZxx7qFmkgVt	416	6.5
R_10Tabapshu2tvvK_1	R_10Tabapshu2tvvK	48	6.5
R_10Tabapshu2tvvK_2	R_10Tabapshu2tvvK	114	6.5
R_10Tabapshu2tvvK_3	R_10Tabapshu2tvvK	243	3.2
R_10Tabapshu2tvvK_4	R_10Tabapshu2tvvK	303	4.2
R_10Tabapshu2tvvK_5	R_10Tabapshu2tvvK	411	3.2
R_0CE9rf8V9zj643T_1	R_0CE9rf8V9zj643T	20	6.2
R_0CE9rf8V9zj643T_2	R_0CE9rf8V9zj643T	124	6.2
R_0CE9rf8V9zj643T_3	R_0CE9rf8V9zj643T	244	6.2
R_0CE9rf8V9zj643T_4	R_0CE9rf8V9zj643T	309	6.2
R_0CE9rf8V9zj643T_5	R_0CE9rf8V9zj643T	344	6.2
R_ZawuD4lhU731A8p_1	R_ZawuD4lhU731A8p	67	6.5
R_ZawuD4lhU731A8p_2	R_ZawuD4lhU731A8p	133	3.2
R_ZawuD4lhU731A8p_3	R_ZawuD4lhU731A8p	217	1.2
R_ZawuD4lhU731A8p_4	R_ZawuD4lhU731A8p	316	4.2
R_ZawuD4lhU731A8p_5	R_ZawuD4lhU731A8p	397	2.3
R_1OPuFFg74ePvEHb_1	R_1OPuFFg74ePvEHb	45	
R_1OPuFFg74ePvEHb_2	R_1OPuFFg74ePvEHb	134	6.5
R_1OPuFFg74ePvEHb_3	R_1OPuFFg74ePvEHb	248	6.2
R_1OPuFFg74ePvEHb_4	R_1OPuFFg74ePvEHb	301	6.2
R_1OPuFFg74ePvEHb_5	R_1OPuFFg74ePvEHb	371	6.5
R_1IWXSlintlzIuBr_1	R_1IWXSlintlzIuBr	31	3.2
R_1IWXSlintlzIuBr_2	R_1IWXSlintlzIuBr	150	3.2
R_1IWXSlintlzIuBr_3	R_1IWXSlintlzIuBr	224	1
R_1IWXSlintlzIuBr_4	R_1IWXSlintlzIuBr	315	1
R_1IWXSlintlzIuBr_5	R_1IWXSlintlzIuBr	376	3.2
R_2YSo0mxaFU2yiU6_1	R_2YSo0mxaFU2yiU6	69	6.2
R_2YSo0mxaFU2yiU6_2	R_2YSo0mxaFU2yiU6	150	4.2
R_2YSo0mxaFU2yiU6_3	R_2YSo0mxaFU2yiU6	215	6.5
R_2YSo0mxaFU2yiU6_4	R_2YSo0mxaFU2yiU6	297	6.5
R_2YSo0mxaFU2yiU6_5	R_2YSo0mxaFU2yiU6	340	6.5
R_T1p2XrWsahvahpf_1	R_T1p2XrWsahvahpf	62	2.2
R_T1p2XrWsahvahpf_2	R_T1p2XrWsahvahpf	131	6.5
R_T1p2XrWsahvahpf_3	R_T1p2XrWsahvahpf	252	4.2
R_T1p2XrWsahvahpf_4	R_T1p2XrWsahvahpf	286	6.5
R_T1p2XrWsahvahpf_5	R_T1p2XrWsahvahpf	390	1.2
R_2V1EtzSABylaDxN_1	R_2V1EtzSABylaDxN	33	4.2
R_2V1EtzSABylaDxN_2	R_2V1EtzSABylaDxN	164	1.2
R_2V1EtzSABylaDxN_3	R_2V1EtzSABylaDxN	189	3.2
R_2V1EtzSABylaDxN_4	R_2V1EtzSABylaDxN	256	6.2
R_2V1EtzSABylaDxN_5	R_2V1EtzSABylaDxN	369	1.2
R_72rSTPRBGHQ4NIR_1	R_72rSTPRBGHQ4NIR	64	4.5
R_72rSTPRBGHQ4NIR_2	R_72rSTPRBGHQ4NIR	119	3.2
R_72rSTPRBGHQ4NIR_3	R_72rSTPRBGHQ4NIR	212	3.2
R_72rSTPRBGHQ4NIR_4	R_72rSTPRBGHQ4NIR	325	6.2
R_72rSTPRBGHQ4NIR_5	R_72rSTPRBGHQ4NIR	408	4.2
R_2SH5a8bksSvwexb_1	R_2SH5a8bksSvwexb	73	1.2
R_2SH5a8bksSvwexb_2	R_2SH5a8bksSvwexb	122	3.2
R_2SH5a8bksSvwexb_3	R_2SH5a8bksSvwexb	250	6.5
R_2SH5a8bksSvwexb_4	R_2SH5a8bksSvwexb	308	3.2
R_2SH5a8bksSvwexb_5	R_2SH5a8bksSvwexb	383	6.5
R_yTT1WD1ol6za3Jf_1	R_yTT1WD1ol6za3Jf	50	6.5
R_yTT1WD1ol6za3Jf_2	R_yTT1WD1ol6za3Jf	124	6.2
R_yTT1WD1ol6za3Jf_3	R_yTT1WD1ol6za3Jf	210	6.5
R_yTT1WD1ol6za3Jf_4	R_yTT1WD1ol6za3Jf	284	6.5
R_yTT1WD1ol6za3Jf_5	R_yTT1WD1ol6za3Jf	396	3.2
R_3MS8xER2c0yASHT_1	R_3MS8xER2c0yASHT	3	6.5
R_3MS8xER2c0yASHT_2	R_3MS8xER2c0yASHT	104	6.2
R_3MS8xER2c0yASHT_3	R_3MS8xER2c0yASHT	182	6.5
R_3MS8xER2c0yASHT_4	R_3MS8xER2c0yASHT	276	1.2
R_3MS8xER2c0yASHT_5	R_3MS8xER2c0yASHT	357	3.2
R_1JL2ePKdivqfBS5_1	R_1JL2ePKdivqfBS5	3	6.5
R_1JL2ePKdivqfBS5_2	R_1JL2ePKdivqfBS5	121	6.5
R_1JL2ePKdivqfBS5_3	R_1JL2ePKdivqfBS5	220	6.5
R_1JL2ePKdivqfBS5_4	R_1JL2ePKdivqfBS5	328	6.5
R_1JL2ePKdivqfBS5_5	R_1JL2ePKdivqfBS5	350	3.2
R_3rZFSSY1VX8GDYn_1	R_3rZFSSY1VX8GDYn	71	6.2
R_3rZFSSY1VX8GDYn_2	R_3rZFSSY1VX8GDYn	88	3.2
R_3rZFSSY1VX8GDYn_3	R_3rZFSSY1VX8GDYn	232	6.5
R_3rZFSSY1VX8GDYn_4	R_3rZFSSY1VX8GDYn	318	6.5
R_3rZFSSY1VX8GDYn_5	R_3rZFSSY1VX8GDYn	392	6.2
R_1Ed2vTIhJK2Lz4I_1	R_1Ed2vTIhJK2Lz4I	83	6.5
R_1Ed2vTIhJK2Lz4I_2	R_1Ed2vTIhJK2Lz4I	100	3.2
R_1Ed2vTIhJK2Lz4I_3	R_1Ed2vTIhJK2Lz4I	247	6.9
R_1Ed2vTIhJK2Lz4I_4	R_1Ed2vTIhJK2Lz4I	279	3.2
R_1Ed2vTIhJK2Lz4I_5	R_1Ed2vTIhJK2Lz4I	382	6.2
R_BQYbCIHSznI2RkB_1	R_BQYbCIHSznI2RkB	53	3.2
R_BQYbCIHSznI2RkB_2	R_BQYbCIHSznI2RkB	161	1.5
R_BQYbCIHSznI2RkB_3	R_BQYbCIHSznI2RkB	184	3.2
R_BQYbCIHSznI2RkB_4	R_BQYbCIHSznI2RkB	314	6.2
R_BQYbCIHSznI2RkB_5	R_BQYbCIHSznI2RkB	338	4.2
R_3esJBiP6MpPHx3n_1	R_3esJBiP6MpPHx3n	72	4.2
R_3esJBiP6MpPHx3n_2	R_3esJBiP6MpPHx3n	135	6.2
R_3esJBiP6MpPHx3n_3	R_3esJBiP6MpPHx3n	199	1.2
R_3esJBiP6MpPHx3n_4	R_3esJBiP6MpPHx3n	282	3.2
R_3esJBiP6MpPHx3n_5	R_3esJBiP6MpPHx3n	410	3.2
R_3n93vjDq0ugut0o_1	R_3n93vjDq0ugut0o	54	3.5
R_3n93vjDq0ugut0o_2	R_3n93vjDq0ugut0o	153	6.5
R_3n93vjDq0ugut0o_3	R_3n93vjDq0ugut0o	234	6.2
R_3n93vjDq0ugut0o_4	R_3n93vjDq0ugut0o	257	6.2
R_3n93vjDq0ugut0o_5	R_3n93vjDq0ugut0o	407	6.5
R_3nTvynbDUYQMWU7_1	R_3nTvynbDUYQMWU7	21	3.2
R_3nTvynbDUYQMWU7_2	R_3nTvynbDUYQMWU7	141	3.2
R_3nTvynbDUYQMWU7_3	R_3nTvynbDUYQMWU7	170	4.2
R_3nTvynbDUYQMWU7_4	R_3nTvynbDUYQMWU7	334	4.2
R_3nTvynbDUYQMWU7_5	R_3nTvynbDUYQMWU7	388	6.2
R_2YV6IEQMUgozwQ1_1	R_2YV6IEQMUgozwQ1	48	6.2
R_2YV6IEQMUgozwQ1_2	R_2YV6IEQMUgozwQ1	165	6.2
R_2YV6IEQMUgozwQ1_3	R_2YV6IEQMUgozwQ1	216	4.2
R_2YV6IEQMUgozwQ1_4	R_2YV6IEQMUgozwQ1	307	6.2
R_2YV6IEQMUgozwQ1_5	R_2YV6IEQMUgozwQ1	362	3.2
R_1dp1n3Acz8fdB0F_1	R_1dp1n3Acz8fdB0F	57	6.5
R_1dp1n3Acz8fdB0F_2	R_1dp1n3Acz8fdB0F	158	6.5
R_1dp1n3Acz8fdB0F_3	R_1dp1n3Acz8fdB0F	228	6.5
R_1dp1n3Acz8fdB0F_4	R_1dp1n3Acz8fdB0F	310	4.2
R_1dp1n3Acz8fdB0F_5	R_1dp1n3Acz8fdB0F	406	1.2
R_3ffqM7eI6MDHtwo_1	R_3ffqM7eI6MDHtwo	6	6.5
R_3ffqM7eI6MDHtwo_2	R_3ffqM7eI6MDHtwo	127	6.2
R_3ffqM7eI6MDHtwo_3	R_3ffqM7eI6MDHtwo	191	4.2
R_3ffqM7eI6MDHtwo_4	R_3ffqM7eI6MDHtwo	275	4.2
R_3ffqM7eI6MDHtwo_5	R_3ffqM7eI6MDHtwo	364	6.2
R_3HtdQ2RIZPxjRlC_1	R_3HtdQ2RIZPxjRlC	29	6.2
R_3HtdQ2RIZPxjRlC_2	R_3HtdQ2RIZPxjRlC	142	3.2
R_3HtdQ2RIZPxjRlC_3	R_3HtdQ2RIZPxjRlC	242	6.2
R_3HtdQ2RIZPxjRlC_4	R_3HtdQ2RIZPxjRlC	264	4.2
R_3HtdQ2RIZPxjRlC_5	R_3HtdQ2RIZPxjRlC	380	6.2
R_9FCr4cL8VfeJV6N_1	R_9FCr4cL8VfeJV6N	12	3.2
R_9FCr4cL8VfeJV6N_2	R_9FCr4cL8VfeJV6N	101	6.2
R_9FCr4cL8VfeJV6N_3	R_9FCr4cL8VfeJV6N	221	4.2
R_9FCr4cL8VfeJV6N_4	R_9FCr4cL8VfeJV6N	291	6.5
R_9FCr4cL8VfeJV6N_5	R_9FCr4cL8VfeJV6N	413	6.2
R_1dt5fjZkUyYYZa5_1	R_1dt5fjZkUyYYZa5	21	3.2
R_1dt5fjZkUyYYZa5_2	R_1dt5fjZkUyYYZa5	113	3.2
R_1dt5fjZkUyYYZa5_3	R_1dt5fjZkUyYYZa5	190	1.2
R_1dt5fjZkUyYYZa5_4	R_1dt5fjZkUyYYZa5	311	4.2
R_1dt5fjZkUyYYZa5_5	R_1dt5fjZkUyYYZa5	384	3.2
R_zUqAmBwjEbrwh9v_1	R_zUqAmBwjEbrwh9v	7	6.5
R_zUqAmBwjEbrwh9v_2	R_zUqAmBwjEbrwh9v	115	1.2
R_zUqAmBwjEbrwh9v_3	R_zUqAmBwjEbrwh9v	209	6.2
R_zUqAmBwjEbrwh9v_4	R_zUqAmBwjEbrwh9v	256	3.2
R_zUqAmBwjEbrwh9v_5	R_zUqAmBwjEbrwh9v	372	4.2
R_3npi2r9WK3X6C5j_1	R_3npi2r9WK3X6C5j	36	
R_3npi2r9WK3X6C5j_2	R_3npi2r9WK3X6C5j	136	6.5
R_3npi2r9WK3X6C5j_3	R_3npi2r9WK3X6C5j	216	3.2
R_3npi2r9WK3X6C5j_4	R_3npi2r9WK3X6C5j	318	4.2
R_3npi2r9WK3X6C5j_5	R_3npi2r9WK3X6C5j	347	6.5
R_1HoxPF6qzy4BIwm_1	R_1HoxPF6qzy4BIwm	9	6.5
R_1HoxPF6qzy4BIwm_2	R_1HoxPF6qzy4BIwm	85	6.5
R_1HoxPF6qzy4BIwm_3	R_1HoxPF6qzy4BIwm	176	6.5
R_1HoxPF6qzy4BIwm_4	R_1HoxPF6qzy4BIwm	313	6.9
R_1HoxPF6qzy4BIwm_5	R_1HoxPF6qzy4BIwm	401	6.5
R_bHPD9qC8514QvxD_1	R_bHPD9qC8514QvxD	18	4.2
R_bHPD9qC8514QvxD_2	R_bHPD9qC8514QvxD	145	4.2
R_bHPD9qC8514QvxD_3	R_bHPD9qC8514QvxD	245	6.2
R_bHPD9qC8514QvxD_4	R_bHPD9qC8514QvxD	308	4.2
R_bHPD9qC8514QvxD_5	R_bHPD9qC8514QvxD	370	6.2
R_2ckgAvLqxiOMF97_1	R_2ckgAvLqxiOMF97	55	1.2
R_2ckgAvLqxiOMF97_2	R_2ckgAvLqxiOMF97	123	3.2
R_2ckgAvLqxiOMF97_3	R_2ckgAvLqxiOMF97	175	3.2
R_2ckgAvLqxiOMF97_4	R_2ckgAvLqxiOMF97	293	6.2
R_2ckgAvLqxiOMF97_5	R_2ckgAvLqxiOMF97	354	6.2
R_2aOFGSQ3Y7fEc0P_1	R_2aOFGSQ3Y7fEc0P	3	6.2
R_2aOFGSQ3Y7fEc0P_2	R_2aOFGSQ3Y7fEc0P	166	6.5
R_2aOFGSQ3Y7fEc0P_3	R_2aOFGSQ3Y7fEc0P	169	6.2
R_2aOFGSQ3Y7fEc0P_4	R_2aOFGSQ3Y7fEc0P	263	3.2
R_2aOFGSQ3Y7fEc0P_5	R_2aOFGSQ3Y7fEc0P	374	3.2
R_PBbNxpYdnlgFsU9_1	R_PBbNxpYdnlgFsU9	58	6.2
R_PBbNxpYdnlgFsU9_2	R_PBbNxpYdnlgFsU9	94	6.2
R_PBbNxpYdnlgFsU9_3	R_PBbNxpYdnlgFsU9	238	3.2
R_PBbNxpYdnlgFsU9_4	R_PBbNxpYdnlgFsU9	262	6.5
R_PBbNxpYdnlgFsU9_5	R_PBbNxpYdnlgFsU9	368	6.2
R_vdj2zExWbAVjx6N_1	R_vdj2zExWbAVjx6N	80	6.5
R_vdj2zExWbAVjx6N_2	R_vdj2zExWbAVjx6N	162	3.2
R_vdj2zExWbAVjx6N_3	R_vdj2zExWbAVjx6N	222	6.2
R_vdj2zExWbAVjx6N_4	R_vdj2zExWbAVjx6N	329	1.2
R_vdj2zExWbAVjx6N_5	R_vdj2zExWbAVjx6N	399	6.5
R_QmJWJsa2hr6gdXz_1	R_QmJWJsa2hr6gdXz	49	3.2
R_QmJWJsa2hr6gdXz_2	R_QmJWJsa2hr6gdXz	92	6.2
R_QmJWJsa2hr6gdXz_3	R_QmJWJsa2hr6gdXz	187	4.2
R_QmJWJsa2hr6gdXz_4	R_QmJWJsa2hr6gdXz	299	1
R_QmJWJsa2hr6gdXz_5	R_QmJWJsa2hr6gdXz	361	1.2
R_3nO7FHqWC8lR70A_1	R_3nO7FHqWC8lR70A	46	6.5
R_3nO7FHqWC8lR70A_2	R_3nO7FHqWC8lR70A	165	4.9
R_3nO7FHqWC8lR70A_3	R_3nO7FHqWC8lR70A	202	6.5
R_3nO7FHqWC8lR70A_4	R_3nO7FHqWC8lR70A	294	2.3
R_3nO7FHqWC8lR70A_5	R_3nO7FHqWC8lR70A	351	1.2
R_Cf5Kubb0YUbNkwF_1	R_Cf5Kubb0YUbNkwF	43	6.5
R_Cf5Kubb0YUbNkwF_2	R_Cf5Kubb0YUbNkwF	117	4.2
R_Cf5Kubb0YUbNkwF_3	R_Cf5Kubb0YUbNkwF	250	4.2
R_Cf5Kubb0YUbNkwF_4	R_Cf5Kubb0YUbNkwF	283	6.5
R_Cf5Kubb0YUbNkwF_5	R_Cf5Kubb0YUbNkwF	359	6.2
R_22Ybn7Ce5HQ833l_1	R_22Ybn7Ce5HQ833l	82	1.2
R_22Ybn7Ce5HQ833l_2	R_22Ybn7Ce5HQ833l	162	6.2
R_22Ybn7Ce5HQ833l_3	R_22Ybn7Ce5HQ833l	174	6.5
R_22Ybn7Ce5HQ833l_4	R_22Ybn7Ce5HQ833l	266	3.2
R_22Ybn7Ce5HQ833l_5	R_22Ybn7Ce5HQ833l	410	3.2
R_cCIxe9lO16DgF1f_1	R_cCIxe9lO16DgF1f	39	3.2
R_cCIxe9lO16DgF1f_2	R_cCIxe9lO16DgF1f	102	4.2
R_cCIxe9lO16DgF1f_3	R_cCIxe9lO16DgF1f	170	3.2
R_cCIxe9lO16DgF1f_4	R_cCIxe9lO16DgF1f	321	3.2
R_cCIxe9lO16DgF1f_5	R_cCIxe9lO16DgF1f	385	3.2
R_210aQMrmGetROju_1	R_210aQMrmGetROju	68	1.2
R_210aQMrmGetROju_2	R_210aQMrmGetROju	86	3.2
R_210aQMrmGetROju_3	R_210aQMrmGetROju	218	4.2
R_210aQMrmGetROju_4	R_210aQMrmGetROju	324	1.2
R_210aQMrmGetROju_5	R_210aQMrmGetROju	361	1.2
R_r2BUVTFqmBdanQd_1	R_r2BUVTFqmBdanQd	17	1.2
R_r2BUVTFqmBdanQd_2	R_r2BUVTFqmBdanQd	166	3.4
R_r2BUVTFqmBdanQd_3	R_r2BUVTFqmBdanQd	211	1.2
R_r2BUVTFqmBdanQd_4	R_r2BUVTFqmBdanQd	265	1.2
R_r2BUVTFqmBdanQd_5	R_r2BUVTFqmBdanQd	403	1
R_3njSNhzart0R0sE_1	R_3njSNhzart0R0sE	13	6.5
R_3njSNhzart0R0sE_2	R_3njSNhzart0R0sE	119	4.2
R_3njSNhzart0R0sE_3	R_3njSNhzart0R0sE	184	6.2
R_3njSNhzart0R0sE_4	R_3njSNhzart0R0sE	253	6.2
R_3njSNhzart0R0sE_5	R_3njSNhzart0R0sE	382	6.2
R_1g7VoEtxvkSjfKS_1	R_1g7VoEtxvkSjfKS	74	6.2
R_1g7VoEtxvkSjfKS_2	R_1g7VoEtxvkSjfKS	116	4.2
R_1g7VoEtxvkSjfKS_3	R_1g7VoEtxvkSjfKS	240	6.2
R_1g7VoEtxvkSjfKS_4	R_1g7VoEtxvkSjfKS	267	2.2
R_1g7VoEtxvkSjfKS_5	R_1g7VoEtxvkSjfKS	366	3.2
R_1JIKlQNZtgmcU6i_1	R_1JIKlQNZtgmcU6i	76	6.5
R_1JIKlQNZtgmcU6i_2	R_1JIKlQNZtgmcU6i	87	4.9
R_1JIKlQNZtgmcU6i_3	R_1JIKlQNZtgmcU6i	201	3.2
R_1JIKlQNZtgmcU6i_4	R_1JIKlQNZtgmcU6i	296	2.3
R_1JIKlQNZtgmcU6i_5	R_1JIKlQNZtgmcU6i	336	3.2
R_OPS9EZNTzb221uF_1	R_OPS9EZNTzb221uF	35	6.5
R_OPS9EZNTzb221uF_2	R_OPS9EZNTzb221uF	148	6.5
R_OPS9EZNTzb221uF_3	R_OPS9EZNTzb221uF	198	6.2
R_OPS9EZNTzb221uF_4	R_OPS9EZNTzb221uF	281	6.2
R_OPS9EZNTzb221uF_5	R_OPS9EZNTzb221uF	379	6.2
R_3NE6n7uqh1yxXaq_1	R_3NE6n7uqh1yxXaq	79	6.2
R_3NE6n7uqh1yxXaq_2	R_3NE6n7uqh1yxXaq	126	1.2
R_3NE6n7uqh1yxXaq_3	R_3NE6n7uqh1yxXaq	175	6.5
R_3NE6n7uqh1yxXaq_4	R_3NE6n7uqh1yxXaq	269	3.2
R_3NE6n7uqh1yxXaq_5	R_3NE6n7uqh1yxXaq	358	3.2
R_XYauZjTjLrmzXhL_1	R_XYauZjTjLrmzXhL	82	1.2
R_XYauZjTjLrmzXhL_2	R_XYauZjTjLrmzXhL	155	4.2
R_XYauZjTjLrmzXhL_3	R_XYauZjTjLrmzXhL	218	6.2
R_XYauZjTjLrmzXhL_4	R_XYauZjTjLrmzXhL	272	6.2
R_XYauZjTjLrmzXhL_5	R_XYauZjTjLrmzXhL	402	6.2
R_3qDqiG7g35x0oqN_1	R_3qDqiG7g35x0oqN	37	3.2
R_3qDqiG7g35x0oqN_2	R_3qDqiG7g35x0oqN	92	6.5
R_3qDqiG7g35x0oqN_3	R_3qDqiG7g35x0oqN	207	3.2
R_3qDqiG7g35x0oqN_4	R_3qDqiG7g35x0oqN	265	3.2
R_3qDqiG7g35x0oqN_5	R_3qDqiG7g35x0oqN	336	3.2
R_3slHYierJ4jwMKd_1	R_3slHYierJ4jwMKd	57	6.5
R_3slHYierJ4jwMKd_2	R_3slHYierJ4jwMKd	128	6.5
R_3slHYierJ4jwMKd_3	R_3slHYierJ4jwMKd	191	4.2
R_3slHYierJ4jwMKd_4	R_3slHYierJ4jwMKd	259	6.2
R_3slHYierJ4jwMKd_5	R_3slHYierJ4jwMKd	339	6.5
R_31Et1v2rps9wNSQ_1	R_31Et1v2rps9wNSQ	18	6.2
R_31Et1v2rps9wNSQ_2	R_31Et1v2rps9wNSQ	111	6.5
R_31Et1v2rps9wNSQ_3	R_31Et1v2rps9wNSQ	227	6.5
R_31Et1v2rps9wNSQ_4	R_31Et1v2rps9wNSQ	283	6.5
R_31Et1v2rps9wNSQ_5	R_31Et1v2rps9wNSQ	389	3.2
R_33etvLZIHitWTq2_1	R_33etvLZIHitWTq2	35	6.9
R_33etvLZIHitWTq2_2	R_33etvLZIHitWTq2	111	6.2
R_33etvLZIHitWTq2_3	R_33etvLZIHitWTq2	204	6.5
R_33etvLZIHitWTq2_4	R_33etvLZIHitWTq2	286	6.5
R_33etvLZIHitWTq2_5	R_33etvLZIHitWTq2	373	3.2
R_2PiZjdFX0cW00PQ_1	R_2PiZjdFX0cW00PQ	40	1.5
R_2PiZjdFX0cW00PQ_2	R_2PiZjdFX0cW00PQ	96	6.2
R_2PiZjdFX0cW00PQ_3	R_2PiZjdFX0cW00PQ	215	1
R_2PiZjdFX0cW00PQ_4	R_2PiZjdFX0cW00PQ	314	6.5
R_2PiZjdFX0cW00PQ_5	R_2PiZjdFX0cW00PQ	401	4.2
R_b1TbRrcCazNh0Qx_1	R_b1TbRrcCazNh0Qx	33	6.2
R_b1TbRrcCazNh0Qx_2	R_b1TbRrcCazNh0Qx	160	6.2
R_b1TbRrcCazNh0Qx_3	R_b1TbRrcCazNh0Qx	219	6.2
R_b1TbRrcCazNh0Qx_4	R_b1TbRrcCazNh0Qx	306	6.2
R_b1TbRrcCazNh0Qx_5	R_b1TbRrcCazNh0Qx	346	3.2
R_3ERvdNjTrRhQlWO_1	R_3ERvdNjTrRhQlWO	47	6.5
R_3ERvdNjTrRhQlWO_2	R_3ERvdNjTrRhQlWO	167	6.5
R_3ERvdNjTrRhQlWO_3	R_3ERvdNjTrRhQlWO	213	4.2
R_3ERvdNjTrRhQlWO_4	R_3ERvdNjTrRhQlWO	303	4.2
R_3ERvdNjTrRhQlWO_5	R_3ERvdNjTrRhQlWO	398	6.2
R_25vCdsEDRhPJ3w3_1	R_25vCdsEDRhPJ3w3	23	6.5
R_25vCdsEDRhPJ3w3_2	R_25vCdsEDRhPJ3w3	158	6.5
R_25vCdsEDRhPJ3w3_3	R_25vCdsEDRhPJ3w3	242	3.5
R_25vCdsEDRhPJ3w3_4	R_25vCdsEDRhPJ3w3	316	4.2
R_25vCdsEDRhPJ3w3_5	R_25vCdsEDRhPJ3w3	351	4.2
R_SIrozm9BIGdNzu9_1	R_SIrozm9BIGdNzu9	52	6.5
R_SIrozm9BIGdNzu9_2	R_SIrozm9BIGdNzu9	141	6.5
R_SIrozm9BIGdNzu9_3	R_SIrozm9BIGdNzu9	252	4.2
R_SIrozm9BIGdNzu9_4	R_SIrozm9BIGdNzu9	333	4.2
R_SIrozm9BIGdNzu9_5	R_SIrozm9BIGdNzu9	385	6.2
R_D6kCbvPIjlUSHAd_1	R_D6kCbvPIjlUSHAd	42	4.5
R_D6kCbvPIjlUSHAd_2	R_D6kCbvPIjlUSHAd	142	6.2
R_D6kCbvPIjlUSHAd_3	R_D6kCbvPIjlUSHAd	217	6.2
R_D6kCbvPIjlUSHAd_4	R_D6kCbvPIjlUSHAd	292	6.2
R_D6kCbvPIjlUSHAd_5	R_D6kCbvPIjlUSHAd	388	6.5
R_3rYPg4TSnhDVFJa_1	R_3rYPg4TSnhDVFJa	80	6.5
R_3rYPg4TSnhDVFJa_2	R_3rYPg4TSnhDVFJa	163	6.5
R_3rYPg4TSnhDVFJa_3	R_3rYPg4TSnhDVFJa	180	6.2
R_3rYPg4TSnhDVFJa_4	R_3rYPg4TSnhDVFJa	262	6.5
R_3rYPg4TSnhDVFJa_5	R_3rYPg4TSnhDVFJa	375	6.2
R_3ho2mL7zaMK1xSh_1	R_3ho2mL7zaMK1xSh	2	3.4
R_3ho2mL7zaMK1xSh_2	R_3ho2mL7zaMK1xSh	104	4.2
R_3ho2mL7zaMK1xSh_3	R_3ho2mL7zaMK1xSh	247	3.2
R_3ho2mL7zaMK1xSh_4	R_3ho2mL7zaMK1xSh	263	1.2
R_3ho2mL7zaMK1xSh_5	R_3ho2mL7zaMK1xSh	355	3.2
R_1inxQNYZPf7D0hK_1	R_1inxQNYZPf7D0hK	25	3.2
R_1inxQNYZPf7D0hK_2	R_1inxQNYZPf7D0hK	97	3.2
R_1inxQNYZPf7D0hK_3	R_1inxQNYZPf7D0hK	234	6.2
R_1inxQNYZPf7D0hK_4	R_1inxQNYZPf7D0hK	276	3.2
R_1inxQNYZPf7D0hK_5	R_1inxQNYZPf7D0hK	337	6.5
R_2EEQioTSv70RUzF_1	R_2EEQioTSv70RUzF	56	3.2
R_2EEQioTSv70RUzF_2	R_2EEQioTSv70RUzF	101	6.5
R_2EEQioTSv70RUzF_3	R_2EEQioTSv70RUzF	220	6.2
R_2EEQioTSv70RUzF_4	R_2EEQioTSv70RUzF	301	2.3
R_2EEQioTSv70RUzF_5	R_2EEQioTSv70RUzF	391	3.2
R_3kp1NhG01T0k5mf_1	R_3kp1NhG01T0k5mf	5	6.2
R_3kp1NhG01T0k5mf_2	R_3kp1NhG01T0k5mf	110	6.2
R_3kp1NhG01T0k5mf_3	R_3kp1NhG01T0k5mf	211	3.2
R_3kp1NhG01T0k5mf_4	R_3kp1NhG01T0k5mf	319	3.2
R_3kp1NhG01T0k5mf_5	R_3kp1NhG01T0k5mf	408	3.2
R_1FPPdbnLwSGuNfD_1	R_1FPPdbnLwSGuNfD	50	6.2
R_1FPPdbnLwSGuNfD_2	R_1FPPdbnLwSGuNfD	91	6.5
R_1FPPdbnLwSGuNfD_3	R_1FPPdbnLwSGuNfD	183	1.2
R_1FPPdbnLwSGuNfD_4	R_1FPPdbnLwSGuNfD	297	6.2
R_1FPPdbnLwSGuNfD_5	R_1FPPdbnLwSGuNfD	381	4.2
R_2D8EJ23JFdZWYyR_1	R_2D8EJ23JFdZWYyR	31	6.2
R_2D8EJ23JFdZWYyR_2	R_2D8EJ23JFdZWYyR	154	3.2
R_2D8EJ23JFdZWYyR_3	R_2D8EJ23JFdZWYyR	213	6.5
R_2D8EJ23JFdZWYyR_4	R_2D8EJ23JFdZWYyR	266	4.2
R_2D8EJ23JFdZWYyR_5	R_2D8EJ23JFdZWYyR	378	6.2
R_8joL7gIQVWifia5_1	R_8joL7gIQVWifia5	51	3.2
R_8joL7gIQVWifia5_2	R_8joL7gIQVWifia5	120	3.2
R_8joL7gIQVWifia5_3	R_8joL7gIQVWifia5	178	3.2
R_8joL7gIQVWifia5_4	R_8joL7gIQVWifia5	289	6.5
R_8joL7gIQVWifia5_5	R_8joL7gIQVWifia5	356	3.2
R_Q9TGvokg2x7BPsB_1	R_Q9TGvokg2x7BPsB	12	6.2
R_Q9TGvokg2x7BPsB_2	R_Q9TGvokg2x7BPsB	140	3.2
R_Q9TGvokg2x7BPsB_3	R_Q9TGvokg2x7BPsB	185	6.2
R_Q9TGvokg2x7BPsB_4	R_Q9TGvokg2x7BPsB	295	6.2
R_Q9TGvokg2x7BPsB_5	R_Q9TGvokg2x7BPsB	342	6.2
R_2rB0hjJf3MDIvLy_1	R_2rB0hjJf3MDIvLy	28	6.5
R_2rB0hjJf3MDIvLy_2	R_2rB0hjJf3MDIvLy	106	1.2
R_2rB0hjJf3MDIvLy_3	R_2rB0hjJf3MDIvLy	238	4.2
R_2rB0hjJf3MDIvLy_4	R_2rB0hjJf3MDIvLy	293	6.2
R_2rB0hjJf3MDIvLy_5	R_2rB0hjJf3MDIvLy	376	6.2
R_2OGOlXSUDzgahTd_1	R_2OGOlXSUDzgahTd	66	6.2
R_2OGOlXSUDzgahTd_2	R_2OGOlXSUDzgahTd	143	3.2
R_2OGOlXSUDzgahTd_3	R_2OGOlXSUDzgahTd	196	3.5
R_2OGOlXSUDzgahTd_4	R_2OGOlXSUDzgahTd	279	1.2
R_2OGOlXSUDzgahTd_5	R_2OGOlXSUDzgahTd	395	6.2
R_1JJcs9cIBcNxske_1	R_1JJcs9cIBcNxske	25	3.2
R_1JJcs9cIBcNxske_2	R_1JJcs9cIBcNxske	146	3.2
R_1JJcs9cIBcNxske_3	R_1JJcs9cIBcNxske	189	6.2
R_1JJcs9cIBcNxske_4	R_1JJcs9cIBcNxske	312	4.2
R_1JJcs9cIBcNxske_5	R_1JJcs9cIBcNxske	384	6.2
R_3sn1Pmyq49VvaBR_1	R_3sn1Pmyq49VvaBR	27	6.5
R_3sn1Pmyq49VvaBR_2	R_3sn1Pmyq49VvaBR	166	6.5
R_3sn1Pmyq49VvaBR_3	R_3sn1Pmyq49VvaBR	202	6.5
R_3sn1Pmyq49VvaBR_4	R_3sn1Pmyq49VvaBR	271	6.5
R_3sn1Pmyq49VvaBR_5	R_3sn1Pmyq49VvaBR	353	6.5
R_1f3FWiSA5j0ck4A_1	R_1f3FWiSA5j0ck4A	30	6.2
R_1f3FWiSA5j0ck4A_2	R_1f3FWiSA5j0ck4A	156	6.5
R_1f3FWiSA5j0ck4A_3	R_1f3FWiSA5j0ck4A	239	1.2
R_1f3FWiSA5j0ck4A_4	R_1f3FWiSA5j0ck4A	254	1.2
R_1f3FWiSA5j0ck4A_5	R_1f3FWiSA5j0ck4A	387	4.2
R_Zlgr952uoQJb8KB_1	R_Zlgr952uoQJb8KB	67	6.5
R_Zlgr952uoQJb8KB_2	R_Zlgr952uoQJb8KB	150	6.2
R_Zlgr952uoQJb8KB_3	R_Zlgr952uoQJb8KB	203	4.2
R_Zlgr952uoQJb8KB_4	R_Zlgr952uoQJb8KB	304	6.9
R_Zlgr952uoQJb8KB_5	R_Zlgr952uoQJb8KB	367	6.5
R_2QheVsRf9k1s9xo_1	R_2QheVsRf9k1s9xo	77	6.2
R_2QheVsRf9k1s9xo_2	R_2QheVsRf9k1s9xo	144	6.2
R_2QheVsRf9k1s9xo_3	R_2QheVsRf9k1s9xo	193	6.2
R_2QheVsRf9k1s9xo_4	R_2QheVsRf9k1s9xo	296	6.2
R_2QheVsRf9k1s9xo_5	R_2QheVsRf9k1s9xo	386	6.5
R_1IRRIFlrEvyBc83_1	R_1IRRIFlrEvyBc83	70	6.2
R_1IRRIFlrEvyBc83_2	R_1IRRIFlrEvyBc83	105	3.5
R_1IRRIFlrEvyBc83_3	R_1IRRIFlrEvyBc83	192	1.2
R_1IRRIFlrEvyBc83_4	R_1IRRIFlrEvyBc83	332	1
R_1IRRIFlrEvyBc83_5	R_1IRRIFlrEvyBc83	380	3.5
R_UYp6AR9x2OVfNIt_1	R_UYp6AR9x2OVfNIt	38	6.2
R_UYp6AR9x2OVfNIt_2	R_UYp6AR9x2OVfNIt	127	6.2
R_UYp6AR9x2OVfNIt_3	R_UYp6AR9x2OVfNIt	226	4.2
R_UYp6AR9x2OVfNIt_4	R_UYp6AR9x2OVfNIt	257	6.2
R_UYp6AR9x2OVfNIt_5	R_UYp6AR9x2OVfNIt	350	1.2
R_3I6LTmaYNJeAYmf_1	R_3I6LTmaYNJeAYmf	23	6.2
R_3I6LTmaYNJeAYmf_2	R_3I6LTmaYNJeAYmf	118	6.2
R_3I6LTmaYNJeAYmf_3	R_3I6LTmaYNJeAYmf	205	1
R_3I6LTmaYNJeAYmf_4	R_3I6LTmaYNJeAYmf	288	4.2
R_3I6LTmaYNJeAYmf_5	R_3I6LTmaYNJeAYmf	370	6.2
R_3hfrOLRuz2g5NyW_1	R_3hfrOLRuz2g5NyW	26	1.2
R_3hfrOLRuz2g5NyW_2	R_3hfrOLRuz2g5NyW	107	4.2
R_3hfrOLRuz2g5NyW_3	R_3hfrOLRuz2g5NyW	171	6.5
R_3hfrOLRuz2g5NyW_4	R_3hfrOLRuz2g5NyW	310	3.2
R_3hfrOLRuz2g5NyW_5	R_3hfrOLRuz2g5NyW	343	1.2
R_2YArZsw1g1y22lR_1	R_2YArZsw1g1y22lR	66	4.2
R_2YArZsw1g1y22lR_2	R_2YArZsw1g1y22lR	103	3.2
R_2YArZsw1g1y22lR_3	R_2YArZsw1g1y22lR	177	3.2
R_2YArZsw1g1y22lR_4	R_2YArZsw1g1y22lR	255	3.2
R_2YArZsw1g1y22lR_5	R_2YArZsw1g1y22lR	412	3.2
R_CkssYrqzZAFHsuR_1	R_CkssYrqzZAFHsuR	47	6.5
R_CkssYrqzZAFHsuR_2	R_CkssYrqzZAFHsuR	147	6.5
R_CkssYrqzZAFHsuR_3	R_CkssYrqzZAFHsuR	187	6.5
R_CkssYrqzZAFHsuR_4	R_CkssYrqzZAFHsuR	272	6.5
R_CkssYrqzZAFHsuR_5	R_CkssYrqzZAFHsuR	371	6.5
R_03ql4LGD9I0cM7f_1	R_03ql4LGD9I0cM7f	19	6.5
R_03ql4LGD9I0cM7f_2	R_03ql4LGD9I0cM7f	99	6.2
R_03ql4LGD9I0cM7f_3	R_03ql4LGD9I0cM7f	188	6.2
R_03ql4LGD9I0cM7f_4	R_03ql4LGD9I0cM7f	290	4.5
R_03ql4LGD9I0cM7f_5	R_03ql4LGD9I0cM7f	374	3.2
R_2B4puxXUMXitzLT_1	R_2B4puxXUMXitzLT	81	4.2
R_2B4puxXUMXitzLT_2	R_2B4puxXUMXitzLT	159	1.2
R_2B4puxXUMXitzLT_3	R_2B4puxXUMXitzLT	201	3.2
R_2B4puxXUMXitzLT_4	R_2B4puxXUMXitzLT	285	6.5
R_2B4puxXUMXitzLT_5	R_2B4puxXUMXitzLT	405	6.2
R_sXd7G0qsBBO5rup_1	R_sXd7G0qsBBO5rup	34	6.5
R_sXd7G0qsBBO5rup_2	R_sXd7G0qsBBO5rup	115	3.2
R_sXd7G0qsBBO5rup_3	R_sXd7G0qsBBO5rup	208	6.5
R_sXd7G0qsBBO5rup_4	R_sXd7G0qsBBO5rup	334	3.2
R_sXd7G0qsBBO5rup_5	R_sXd7G0qsBBO5rup	392	3.2
R_3CVmIowQnwq9rKb_1	R_3CVmIowQnwq9rKb	58	6.2
R_3CVmIowQnwq9rKb_2	R_3CVmIowQnwq9rKb	139	6.2
R_3CVmIowQnwq9rKb_3	R_3CVmIowQnwq9rKb	248	3.2
R_3CVmIowQnwq9rKb_4	R_3CVmIowQnwq9rKb	330	3.2
R_3CVmIowQnwq9rKb_5	R_3CVmIowQnwq9rKb	341	3.2
R_1oGNyBLJYCfwM3S_1	R_1oGNyBLJYCfwM3S	57	6.2
R_1oGNyBLJYCfwM3S_2	R_1oGNyBLJYCfwM3S	138	6.2
R_1oGNyBLJYCfwM3S_3	R_1oGNyBLJYCfwM3S	246	4.2
R_1oGNyBLJYCfwM3S_4	R_1oGNyBLJYCfwM3S	274	4.9
R_1oGNyBLJYCfwM3S_5	R_1oGNyBLJYCfwM3S	417	3.2
R_2lTWX8lyNz56VTH_1	R_2lTWX8lyNz56VTH	64	6.5
R_2lTWX8lyNz56VTH_2	R_2lTWX8lyNz56VTH	149	3.2
R_2lTWX8lyNz56VTH_3	R_2lTWX8lyNz56VTH	241	1.2
R_2lTWX8lyNz56VTH_4	R_2lTWX8lyNz56VTH	307	3.2
R_2lTWX8lyNz56VTH_5	R_2lTWX8lyNz56VTH	348	1.2
R_WoFlOJ6EsGnQNW1_1	R_WoFlOJ6EsGnQNW1	16	3.2
R_WoFlOJ6EsGnQNW1_2	R_WoFlOJ6EsGnQNW1	90	6.2
R_WoFlOJ6EsGnQNW1_3	R_WoFlOJ6EsGnQNW1	243	4.2
R_WoFlOJ6EsGnQNW1_4	R_WoFlOJ6EsGnQNW1	298	6.2
R_WoFlOJ6EsGnQNW1_5	R_WoFlOJ6EsGnQNW1	349	6.5
R_1mFvDu8OiiYboIA_1	R_1mFvDu8OiiYboIA	49	6.5
R_1mFvDu8OiiYboIA_2	R_1mFvDu8OiiYboIA	157	6.5
R_1mFvDu8OiiYboIA_3	R_1mFvDu8OiiYboIA	222	4.2
R_1mFvDu8OiiYboIA_4	R_1mFvDu8OiiYboIA	302	6.2
R_1mFvDu8OiiYboIA_5	R_1mFvDu8OiiYboIA	393	3.2
R_Dwv0KHEDJhBKMO5_1	R_Dwv0KHEDJhBKMO5	45	6.5
R_Dwv0KHEDJhBKMO5_2	R_Dwv0KHEDJhBKMO5	102	6.2
R_Dwv0KHEDJhBKMO5_3	R_Dwv0KHEDJhBKMO5	209	6.5
R_Dwv0KHEDJhBKMO5_4	R_Dwv0KHEDJhBKMO5	280	6.5
R_Dwv0KHEDJhBKMO5_5	R_Dwv0KHEDJhBKMO5	406	3.2
R_3l2aVVqASFULbAl_1	R_3l2aVVqASFULbAl	11	6.5
R_3l2aVVqASFULbAl_2	R_3l2aVVqASFULbAl	130	3.2
R_3l2aVVqASFULbAl_3	R_3l2aVVqASFULbAl	228	6.5
R_3l2aVVqASFULbAl_4	R_3l2aVVqASFULbAl	299	6.2
R_3l2aVVqASFULbAl_5	R_3l2aVVqASFULbAl	390	3.2
R_3kj44d9NRpeN491_1	R_3kj44d9NRpeN491	55	1.2
R_3kj44d9NRpeN491_2	R_3kj44d9NRpeN491	122	1.2
R_3kj44d9NRpeN491_3	R_3kj44d9NRpeN491	227	1.2
R_3kj44d9NRpeN491_4	R_3kj44d9NRpeN491	325	1.2
R_3kj44d9NRpeN491_5	R_3kj44d9NRpeN491	377	3.2
R_3CUaT7Wfp69pO4a_1	R_3CUaT7Wfp69pO4a	5	6.5
R_3CUaT7Wfp69pO4a_2	R_3CUaT7Wfp69pO4a	125	6.2
R_3CUaT7Wfp69pO4a_3	R_3CUaT7Wfp69pO4a	224	6.5
R_3CUaT7Wfp69pO4a_4	R_3CUaT7Wfp69pO4a	277	4.2
R_3CUaT7Wfp69pO4a_5	R_3CUaT7Wfp69pO4a	357	4.2
R_3oZwv1aOvzgfBPT_1	R_3oZwv1aOvzgfBPT	36	6.2
R_3oZwv1aOvzgfBPT_2	R_3oZwv1aOvzgfBPT	137	3.5
R_3oZwv1aOvzgfBPT_3	R_3oZwv1aOvzgfBPT	173	1.5
R_3oZwv1aOvzgfBPT_4	R_3oZwv1aOvzgfBPT	317	1.2
R_3oZwv1aOvzgfBPT_5	R_3oZwv1aOvzgfBPT	364	4.2
R_2TZApHajsn2LnN7_1	R_2TZApHajsn2LnN7	56	6.5
R_2TZApHajsn2LnN7_2	R_2TZApHajsn2LnN7	87	3.2
R_2TZApHajsn2LnN7_3	R_2TZApHajsn2LnN7	233	6.5
R_2TZApHajsn2LnN7_4	R_2TZApHajsn2LnN7	281	4.2
R_2TZApHajsn2LnN7_5	R_2TZApHajsn2LnN7	354	4.2
R_Y9xcVEPDGEw28GB_1	R_Y9xcVEPDGEw28GB	8	6.2
R_Y9xcVEPDGEw28GB_2	R_Y9xcVEPDGEw28GB	168	6.5
R_Y9xcVEPDGEw28GB_3	R_Y9xcVEPDGEw28GB	219	6.2
R_Y9xcVEPDGEw28GB_4	R_Y9xcVEPDGEw28GB	335	4.2
R_Y9xcVEPDGEw28GB_5	R_Y9xcVEPDGEw28GB	347	6.5
R_CmgUw21BjZfKLiF_1	R_CmgUw21BjZfKLiF	32	6.5
R_CmgUw21BjZfKLiF_2	R_CmgUw21BjZfKLiF	121	6.5
R_CmgUw21BjZfKLiF_3	R_CmgUw21BjZfKLiF	182	6.9
R_CmgUw21BjZfKLiF_4	R_CmgUw21BjZfKLiF	267	3.2
R_CmgUw21BjZfKLiF_5	R_CmgUw21BjZfKLiF	403	4.2
R_VXt1aIuOzDuJLSV_1	R_VXt1aIuOzDuJLSV	15	6.5
R_VXt1aIuOzDuJLSV_2	R_VXt1aIuOzDuJLSV	96	4.2
R_VXt1aIuOzDuJLSV_3	R_VXt1aIuOzDuJLSV	186	4.2
R_VXt1aIuOzDuJLSV_4	R_VXt1aIuOzDuJLSV	313	6.2
R_VXt1aIuOzDuJLSV_5	R_VXt1aIuOzDuJLSV	414	6.5
R_SJmBO1u0DDmEZH3_1	R_SJmBO1u0DDmEZH3	49	6.5
R_SJmBO1u0DDmEZH3_2	R_SJmBO1u0DDmEZH3	98	6.5
R_SJmBO1u0DDmEZH3_3	R_SJmBO1u0DDmEZH3	210	6.5
R_SJmBO1u0DDmEZH3_4	R_SJmBO1u0DDmEZH3	294	4.2
R_SJmBO1u0DDmEZH3_5	R_SJmBO1u0DDmEZH3	338	4.2
R_vUBJ2mNrSE6rEGd_1	R_vUBJ2mNrSE6rEGd	82	3.2
R_vUBJ2mNrSE6rEGd_2	R_vUBJ2mNrSE6rEGd	109	3.2
R_vUBJ2mNrSE6rEGd_3	R_vUBJ2mNrSE6rEGd	235	4.2
R_vUBJ2mNrSE6rEGd_4	R_vUBJ2mNrSE6rEGd	329	3.2
R_vUBJ2mNrSE6rEGd_5	R_vUBJ2mNrSE6rEGd	399	4.2
R_3rGtVh32jHkOn7O_1	R_3rGtVh32jHkOn7O	11	4.2
R_3rGtVh32jHkOn7O_2	R_3rGtVh32jHkOn7O	88	4.2
R_3rGtVh32jHkOn7O_3	R_3rGtVh32jHkOn7O	225	3.2
R_3rGtVh32jHkOn7O_4	R_3rGtVh32jHkOn7O	322	4.2
R_3rGtVh32jHkOn7O_5	R_3rGtVh32jHkOn7O	397	6.5
R_3fIsbpALDtKKHMt_1	R_3fIsbpALDtKKHMt	74	4.2
R_3fIsbpALDtKKHMt_2	R_3fIsbpALDtKKHMt	120	1.2
R_3fIsbpALDtKKHMt_3	R_3fIsbpALDtKKHMt	214	3.2
R_3fIsbpALDtKKHMt_4	R_3fIsbpALDtKKHMt	270	4.2
R_3fIsbpALDtKKHMt_5	R_3fIsbpALDtKKHMt	345	3
R_3P624s3e9SkH0QT_1	R_3P624s3e9SkH0QT	65	6.5
R_3P624s3e9SkH0QT_2	R_3P624s3e9SkH0QT	150	6.5
R_3P624s3e9SkH0QT_3	R_3P624s3e9SkH0QT	251	1.2
R_3P624s3e9SkH0QT_4	R_3P624s3e9SkH0QT	287	4.2
R_3P624s3e9SkH0QT_5	R_3P624s3e9SkH0QT	366	6.2
R_2v2qLGA7oS8x60x_1	R_2v2qLGA7oS8x60x	12	3.2
R_2v2qLGA7oS8x60x_2	R_2v2qLGA7oS8x60x	153	6.2
R_2v2qLGA7oS8x60x_3	R_2v2qLGA7oS8x60x	244	3.2
R_2v2qLGA7oS8x60x_4	R_2v2qLGA7oS8x60x	275	3.2
R_2v2qLGA7oS8x60x_5	R_2v2qLGA7oS8x60x	404	3.2
R_1lu7p66XGUzZeeO_1	R_1lu7p66XGUzZeeO	50	6.2
R_1lu7p66XGUzZeeO_2	R_1lu7p66XGUzZeeO	135	3.2
R_1lu7p66XGUzZeeO_3	R_1lu7p66XGUzZeeO	172	6.5
R_1lu7p66XGUzZeeO_4	R_1lu7p66XGUzZeeO	323	6.2
R_1lu7p66XGUzZeeO_5	R_1lu7p66XGUzZeeO	369	6.5
R_1NaUN66TrQHKQ1o_1	R_1NaUN66TrQHKQ1o	72	4.2
R_1NaUN66TrQHKQ1o_2	R_1NaUN66TrQHKQ1o	146	1.2
R_1NaUN66TrQHKQ1o_3	R_1NaUN66TrQHKQ1o	215	1.2
R_1NaUN66TrQHKQ1o_4	R_1NaUN66TrQHKQ1o	282	1.2
R_1NaUN66TrQHKQ1o_5	R_1NaUN66TrQHKQ1o	396	6.2
R_1rfDsNtkx9ueNuH_1	R_1rfDsNtkx9ueNuH	31	6.5
R_1rfDsNtkx9ueNuH_2	R_1rfDsNtkx9ueNuH	93	6.5
R_1rfDsNtkx9ueNuH_3	R_1rfDsNtkx9ueNuH	221	4.2
R_1rfDsNtkx9ueNuH_4	R_1rfDsNtkx9ueNuH	258	4.2
R_1rfDsNtkx9ueNuH_5	R_1rfDsNtkx9ueNuH	362	4.2
R_1nSHXIH282d3nd3_1	R_1nSHXIH282d3nd3	54	3.5
R_1nSHXIH282d3nd3_2	R_1nSHXIH282d3nd3	157	3.2
R_1nSHXIH282d3nd3_3	R_1nSHXIH282d3nd3	240	6.5
R_1nSHXIH282d3nd3_4	R_1nSHXIH282d3nd3	305	6.2
R_1nSHXIH282d3nd3_5	R_1nSHXIH282d3nd3	352	3.2
R_wTpSAbyLekj11bb_1	R_wTpSAbyLekj11bb	44	4.2
R_wTpSAbyLekj11bb_2	R_wTpSAbyLekj11bb	114	6.5
R_wTpSAbyLekj11bb_3	R_wTpSAbyLekj11bb	174	3.2
R_wTpSAbyLekj11bb_4	R_wTpSAbyLekj11bb	264	3.2
R_wTpSAbyLekj11bb_5	R_wTpSAbyLekj11bb	372	4.2
R_2UWRxvdzbAww1nz_1	R_2UWRxvdzbAww1nz	10	6.2
R_2UWRxvdzbAww1nz_2	R_2UWRxvdzbAww1nz	123	6.2
R_2UWRxvdzbAww1nz_3	R_2UWRxvdzbAww1nz	200	3.2
R_2UWRxvdzbAww1nz_4	R_2UWRxvdzbAww1nz	331	6.2
R_2UWRxvdzbAww1nz_5	R_2UWRxvdzbAww1nz	379	6.2
R_3ElKNT2rbrUZYdR_1	R_3ElKNT2rbrUZYdR	76	3.2
R_3ElKNT2rbrUZYdR_2	R_3ElKNT2rbrUZYdR	90	1.2
R_3ElKNT2rbrUZYdR_3	R_3ElKNT2rbrUZYdR	237	1
R_3ElKNT2rbrUZYdR_4	R_3ElKNT2rbrUZYdR	326	1.2
R_3ElKNT2rbrUZYdR_5	R_3ElKNT2rbrUZYdR	416	1
R_rdWwWMognANNEkx_1	R_rdWwWMognANNEkx	9	6.5
R_rdWwWMognANNEkx_2	R_rdWwWMognANNEkx	148	6.5
R_rdWwWMognANNEkx_3	R_rdWwWMognANNEkx	195	4.2
R_rdWwWMognANNEkx_4	R_rdWwWMognANNEkx	315	6.2
R_rdWwWMognANNEkx_5	R_rdWwWMognANNEkx	415	3.2
R_25L0GShLxeAX8vJ_1	R_25L0GShLxeAX8vJ	46	3.2
R_25L0GShLxeAX8vJ_2	R_25L0GShLxeAX8vJ	136	1.2
R_25L0GShLxeAX8vJ_3	R_25L0GShLxeAX8vJ	181	1.2
R_25L0GShLxeAX8vJ_4	R_25L0GShLxeAX8vJ	260	4.2
R_25L0GShLxeAX8vJ_5	R_25L0GShLxeAX8vJ	340	3.2
R_2n9TUB8UXeDYQJr_1	R_2n9TUB8UXeDYQJr	14	3.2
R_2n9TUB8UXeDYQJr_2	R_2n9TUB8UXeDYQJr	117	3.2
R_2n9TUB8UXeDYQJr_3	R_2n9TUB8UXeDYQJr	198	6.2
R_2n9TUB8UXeDYQJr_4	R_2n9TUB8UXeDYQJr	284	3.2
R_2n9TUB8UXeDYQJr_5	R_2n9TUB8UXeDYQJr	363	3.2
R_3IcLlPaNnV7X4qq_1	R_3IcLlPaNnV7X4qq	42	3.2
R_3IcLlPaNnV7X4qq_2	R_3IcLlPaNnV7X4qq	122	3.2
R_3IcLlPaNnV7X4qq_3	R_3IcLlPaNnV7X4qq	208	3.5
R_3IcLlPaNnV7X4qq_4	R_3IcLlPaNnV7X4qq	268	1.2
R_3IcLlPaNnV7X4qq_5	R_3IcLlPaNnV7X4qq	359	3.2
R_2xQNrTepBG1c9Vc_1	R_2xQNrTepBG1c9Vc	39	6.5
R_2xQNrTepBG1c9Vc_2	R_2xQNrTepBG1c9Vc	161	4.2
R_2xQNrTepBG1c9Vc_3	R_2xQNrTepBG1c9Vc	237	4.2
R_2xQNrTepBG1c9Vc_4	R_2xQNrTepBG1c9Vc	328	3.2
R_2xQNrTepBG1c9Vc_5	R_2xQNrTepBG1c9Vc	365	6.5
R_57k7MIpd4IfEJ8d_1	R_57k7MIpd4IfEJ8d	20	6.5
R_57k7MIpd4IfEJ8d_2	R_57k7MIpd4IfEJ8d	143	6.5
R_57k7MIpd4IfEJ8d_3	R_57k7MIpd4IfEJ8d	169	6.2
R_57k7MIpd4IfEJ8d_4	R_57k7MIpd4IfEJ8d	261	6.5
R_57k7MIpd4IfEJ8d_5	R_57k7MIpd4IfEJ8d	394	6.5
R_12P6xviYBfWP2DH_1	R_12P6xviYBfWP2DH	9	6.2
R_12P6xviYBfWP2DH_2	R_12P6xviYBfWP2DH	159	6.2
R_12P6xviYBfWP2DH_3	R_12P6xviYBfWP2DH	232	6.5
R_12P6xviYBfWP2DH_4	R_12P6xviYBfWP2DH	306	4.2
R_12P6xviYBfWP2DH_5	R_12P6xviYBfWP2DH	383	6.5
R_BywFj0eZ6r9wSdP_1	R_BywFj0eZ6r9wSdP	21	6.2
R_BywFj0eZ6r9wSdP_2	R_BywFj0eZ6r9wSdP	125	4.2
R_BywFj0eZ6r9wSdP_3	R_BywFj0eZ6r9wSdP	236	1
R_BywFj0eZ6r9wSdP_4	R_BywFj0eZ6r9wSdP	291	4.2
R_BywFj0eZ6r9wSdP_5	R_BywFj0eZ6r9wSdP	413	6.5
R_1DDb7pcl8PkL7Rz_1	R_1DDb7pcl8PkL7Rz	29	4.2
R_1DDb7pcl8PkL7Rz_2	R_1DDb7pcl8PkL7Rz	111	1.2
R_1DDb7pcl8PkL7Rz_3	R_1DDb7pcl8PkL7Rz	173	4.2
R_1DDb7pcl8PkL7Rz_4	R_1DDb7pcl8PkL7Rz	321	6.5
R_1DDb7pcl8PkL7Rz_5	R_1DDb7pcl8PkL7Rz	418	3.2
R_3m4qsrhUocZSs4L_1	R_3m4qsrhUocZSs4L	41	6.2
R_3m4qsrhUocZSs4L_2	R_3m4qsrhUocZSs4L	88	4.2
R_3m4qsrhUocZSs4L_3	R_3m4qsrhUocZSs4L	212	3.5
R_3m4qsrhUocZSs4L_4	R_3m4qsrhUocZSs4L	309	3.2
R_3m4qsrhUocZSs4L_5	R_3m4qsrhUocZSs4L	360	4.2
R_3QK3DgRo0DfNS48_1	R_3QK3DgRo0DfNS48	22	6.2
R_3QK3DgRo0DfNS48_2	R_3QK3DgRo0DfNS48	168	4.2
R_3QK3DgRo0DfNS48_3	R_3QK3DgRo0DfNS48	217	6.5
R_3QK3DgRo0DfNS48_4	R_3QK3DgRo0DfNS48	284	6.2
R_3QK3DgRo0DfNS48_5	R_3QK3DgRo0DfNS48	400	6.5
R_DHy2Rcz9Hym8jgl_1	R_DHy2Rcz9Hym8jgl	16	6.2
R_DHy2Rcz9Hym8jgl_2	R_DHy2Rcz9Hym8jgl	158	3.2
R_DHy2Rcz9Hym8jgl_3	R_DHy2Rcz9Hym8jgl	203	6.2
R_DHy2Rcz9Hym8jgl_4	R_DHy2Rcz9Hym8jgl	253	2.2
R_DHy2Rcz9Hym8jgl_5	R_DHy2Rcz9Hym8jgl	344	4.2